formula,atomic_volume,band_gap,outer_electron,diff_electroneg,spacegroup,band_gap.is_direct
BaTe,44.54554195,1.593,16,1.21,m-3m,0
CCl4,30.16679977,4.513,11,0.61,2/m,0
BaO,21.47826114,2.3711,8,2.55,6/mmm,0
Ba5Sb4,42.16010141,0.2616,15,1.16,mmm,0
Ca2Sn,36.1689843,0.6909,14,0.96,m-3m,0
Ca2Si,30.70168032,0.5848,6,0.9,m-3m,0
Ca2Ge,31.35578934,0.6088,14,1.01,m-3m,0
Ca2Pb,37.14400373,0.6818,14,1.33,m-3m,0
AlSb,30.27156295,0.9179,24,0.44,6mm,1
BaF2,20.6698118,6.6232,9,3.09,m-3m,0
Ca3N2,18.46073774,0.773,7,2.04,-3m,0
BrCl,39.59248304,1.7847,22,0.2,mm2,0
CdSe,29.97333746,0.5718,24,0.86,6mm,1
Be3N2,6.851151191,2.8075,7,1.47,3m,0
YbBr2,33.78932908,4.3141,29,1.86,4/mmm,1
Be5Pt,8.897985886,0.1026,10,0.71,-43m,0
CO2,13.60847557,6.5862,10,0.89,mmm,0
SiBr3,38.19792761,3.9444,19,1.06,2/m,0
WBr4,32.70094125,0.2355,19,0.6,2/m,0
As2Se3,25.67763656,0.6253,27,0.37,2/m,0
Al2S3,17.57692237,2.5198,17,0.97,-3m,0
RbAs,36.62679825,0.5851,14,1.36,222,1
NbBr4,33.65547314,0.8633,18,1.36,2/m,0
BaF3,17.95581569,0.7879,9,3.09,2/m,0
Ag2S,18.89010457,0.1164,15,0.65,222,0
LaAs2,25.46190297,0.1831,14,1.08,2/m,0
CO2,15.48732972,6.4371,10,0.89,422,1
AlF3,12.00982827,7.4309,18,2.37,32,0
BaO2,17.38229065,2.2376,8,2.55,4/mmm,0
BaP2,27.46304125,0.5584,7,1.3,2/m,1
As2O3,17.50095063,3.4664,19,1.26,2,0
SnBr2,33.62664537,2.4185,27,1,6/m,1
BaP3,25.81871599,1.4233,7,1.3,2/m,0
AlH3,11.57719534,3.2465,12,0.59,m-3m,0
NaAs,24.45233293,0.5821,14,1.25,2/m,0
Al2O3,8.7420037,5.8537,17,1.83,-3m,1
Ho4C7,14.2902642,0.5867,15,1.32,2/m,0
CF4,14.72471869,9.0608,11,1.43,2/m,0
Al2Se3,26.0866358,1.8055,25,0.94,m,0
SiC,10.49622818,2.0014,8,0.65,3m,0
SiC,10.49539489,2.2433,8,0.65,6mm,0
CO2,16.98638884,6.4318,10,0.89,4/mmm,1
CO2,19.26919269,6.4531,10,0.89,mm2,1
BaO6,17.18540777,0.1051,8,2.55,2/m,0
AlH3,9.76878065,3.2607,12,0.59,mmm,0
NaAs,24.86283668,0.5502,14,1.25,222,0
CdI2,39.98064149,2.3742,25,0.97,3m,0
As2O3,20.28795563,3.6483,19,1.26,4/m,1
As2S3,28.23440334,2.0015,19,0.4,-1,0
BeCl2,26.58605507,6.5771,9,1.59,-43m,0
Ba3Sn2,40.97771317,0.4849,14,1.07,422,0
YbBr2,29.56175857,4.3657,29,1.86,mmm,1
Al6Ge5,20.47364093,0.4942,23,0.4,-3m,0
CO2,15.91486383,6.4903,10,0.89,-3m,0
AsS2,24.94733238,1.292,19,0.4,2,1
Li3As,15.59275547,0.3925,14,1.2,-3m,1
As4Se3,33.43960096,1.6249,27,0.37,mmm,1
As2O3,18.15711636,3.5541,19,1.26,2/m,1
Ca4As3,26.2540898,0.4864,15,1.18,mmm,0
Ba3P14,26.4880872,1.7609,7,1.3,2/m,0
AgP15,22.166262,1.2242,14,0.26,-1,0
As2O3,18.09691051,3.4555,19,1.26,2/m,1
Te3As2,30.48595649,0.6958,27,0.08,2/m,1
SiBr2,37.75882194,2.3639,19,1.06,2/m,1
Zn3As2,21.39815362,0.1349,23,0.53,m-3,1
SiC,10.47692516,2.0169,8,0.65,3m,0
W2Br5,34.45332648,0.8696,19,0.6,2/m,0
SiC,10.49266798,1.9788,8,0.65,3m,0
SiC,10.49268652,1.9915,8,0.65,3m,0
SiC,10.50157513,1.9544,8,0.65,3m,0
Y4C7,14.6147615,0.6128,5,1.33,2/m,1
Cd3As2,27.31327276,0.1409,23,0.49,4/mmm,1
Ba20Hg103,29.03513218,0.1803,12,1.11,-43m,1
TaBr5,39.19933252,2.0349,18,1.46,2/m,0
Zn3As2,21.33237091,0.1464,23,0.53,4mm,1
SiC,10.49702137,1.8603,8,0.65,3m,0
CdP2,23.989451,1.5911,15,0.5,422,0
BaSe,37.37055539,1.9607,16,1.66,m-3m,0
CdTe,36.4556627,0.6198,24,0.41,6mm,1
AgO,14.20420957,0.1359,15,1.51,4/m,0
AlF3,12.12309104,7.3085,18,2.37,4/mmm,1
BaO,22.12750147,2.0906,8,2.55,m-3m,1
CaP,24.24059419,0.3896,7,1.19,-6m2,0
LiC,11.85825683,3.2822,5,1.57,mmm,0
K3As,38.63358546,0.114,14,1.36,6/mmm,0
CaSe,26.52568786,2.0802,16,1.55,m-3m,0
Ba3P4,30.83564728,0.4826,7,1.3,mm2,1
Al7Te10,33.95480059,1.3757,25,0.49,32,0
BaSi2,29.52011688,0.8057,6,1.01,mmm,0
BaS,33.6548118,2.1641,8,1.69,m-3m,0
CaTe,32.72544052,1.5648,16,1.1,m-3m,0
Sr3As4,29.262192,0.6244,15,1.23,mm2,0
BeSe,17.41184015,2.6874,16,0.98,-43m,0
AlP,20.87765612,1.6302,16,0.58,-43m,0
Rb2As3,37.359556,0.5375,14,1.36,mmm,1
Cs2As3,42.1735095,0.572,14,1.39,mmm,1
As2Ir,18.11191594,0.8486,20,0.02,2/m,0
Sc4C3,13.47734527,0.327,5,1.19,-43m,1
Be2C,6.754584295,1.1856,6,0.98,m-3m,0
CaC2,16.3575627,2.0461,6,1.55,2/m,0
As2O3,18.94837908,3.6194,19,1.26,2/m,0
As2O3,18.16642344,3.9546,19,1.26,2/m,0
Al4C3,11.65200971,1.3528,15,0.94,-3m,0
BeF2,11.70612845,8.3241,9,2.41,32,0
As2Rh,18.00673674,0.2466,20,0.1,2/m,0
CaS,23.34755337,2.3931,8,1.58,m-3m,0
Ba2Sb3,38.59881973,0.2721,15,1.16,2/m,0
AlN,10.65848688,3.3056,16,1.43,-43m,0
BaN6,16.98547675,3.8159,7,2.15,2/m,1
Ba5Sb4,42.15717736,0.2922,15,1.16,mmm,0
GeAs2,26.03027322,0.7104,25,0.17,mmm,0
Ca5Sb3,31.50577124,0.2502,15,1.05,mmm,0
Ba5P4,33.4417845,0.9387,7,1.3,mmm,0
BeO,6.990276065,6.8694,8,1.87,-43m,0
As2O5,12.9041078,1.4032,19,1.26,222,1
Be3N2,6.764575579,3.3129,7,1.47,m-3,1
SiAs,25.83659525,1.473,17,0.28,2/m,0
Mg3As2,24.27224813,1.431,15,0.87,m-3,1
CO2,16.28204249,6.6332,10,0.89,m-3,1
FeAs2,15.33527004,0.2833,19,0.35,mmm,0
BaGe2,31.15546777,0.5612,14,1.12,mmm,0
BaTe2,39.92191253,0.3703,16,1.21,4/mmm,0
AlAs,23.56284008,1.519,24,0.57,-43m,0
As2O3,19.93832507,4.0085,19,1.26,m-3m,0
Al2O3,9.257317092,4.8274,17,1.83,mm2,1
RbBr,43.3902642,4.1927,16,2.14,m-3m,1
InBr,34.1282463,1.3112,26,1.18,mmm,0
PBr5,38.14701515,1.6257,20,0.77,mmm,0
TlBr,33.39054935,2.0754,26,1.34,m-3m,1
YbBr2,33.59149463,4.4989,29,1.86,mmm,1
CaBr2,34.28687069,4.5304,17,1.96,mmm,1
AgI,36.57788041,1.3959,24,0.73,6mm,1
CaCl2,29.18323609,5.3548,9,2.16,4/mmm,1
CsBr,42.38959324,4.2433,16,2.17,m-3m,0
CuBr,23.13713826,0.4859,24,1.06,-43m,1
NaBr,27.37426209,4.0899,16,2.03,m-3m,1
CuBr,23.10164288,0.9949,24,1.06,4/mmm,1
AgCl,22.21643168,0.9539,16,1.23,m-3m,0
AgI,36.60977948,1.3678,24,0.73,-43m,1
ThBr4,33.64829779,2.9284,17,1.66,4/mmm,0
PtBr3,30.00928649,0.9388,23,0.68,-3,0
Pr2Br5,35.06704132,0.2826,18,1.83,2/m,0
HgBr,34.87026745,2.286,25,0.96,4/mmm,0
BaCl2,30.80932054,5.1132,9,2.27,mmm,1
CaCl2,28.96898032,5.395,9,2.16,mmm,1
SnBr4,48.60938354,2.7003,27,1,2/m,0
AsI3,44.57387365,2.2308,28,0.48,-3,0
PrBr3,31.39767182,3.4284,18,1.83,6/m,1
BBr3,43.72899452,3.8285,26,0.92,6/m,0
CuBr,24.47954428,0.4302,24,1.06,6/mmm,1
AgBr,25.04610178,0.7416,24,1.03,m-3m,0
KBr,37.64717939,4.3224,16,2.14,m-3m,1
LiBr,20.94957107,4.9246,16,1.98,m-3m,0
BaI2,44.18898042,3.4431,17,1.77,mmm,0
LaBr3,32.26246366,2.9251,16,1.86,6/m,0
BeCl2,26.67490128,6.3325,9,1.59,mmm,0
AsCl3,36.38033181,3.9884,20,0.98,222,0
AlBr3,41.7665521,4.0967,26,1.35,2/m,1
HgBr2,38.36696558,2.5374,25,0.96,mm2,0
BrF3,17.67189323,2.1621,22,1.02,mm2,0
EuBr2,32.41467672,1.0458,22,1.76,4/m,1
AsBr3,43.19174339,3.1283,28,0.78,222,0
CaH2,11.89311002,3.0081,3,1.2,mmm,0
BaH2,18.78269435,2.8372,3,1.31,mmm,0
BaS3,25.81377713,1.3727,8,1.69,-42m,0
AlH3,8.534547612,2.1855,12,0.59,-3m,0
As2Os,17.44840706,0.6307,19,0.02,mmm,0
CdS,26.2091095,1.0461,16,0.89,-43m,1
CaC2,16.11954569,1.3527,6,1.55,4/mmm,0
As2Pt,18.58333338,0.1176,21,0.1,m-3,0
Ca2Si,27.67107951,0.2912,6,0.9,mmm,1
BeTe,22.75275673,2.0259,16,0.53,-43m,0
GaAs,23.76592846,0.1861,24,0.37,-43m,1
BeO,6.997931986,7.4598,8,1.87,6mm,1
AlCl3,24.98784314,5.2758,18,1.55,2/m,0
CaO,14.16604108,3.6301,8,2.44,m-3m,0
AlSb,30.2803051,1.2273,24,0.44,-43m,0
CdSe,29.97638533,3.5799,24,0.86,-43m,1
BeP2,15.86773975,0.8435,7,0.62,2/m,0
CoAs2,15.70474305,0.1238,20,0.3,2/m,0
GdBr3,41.75103443,2.1808,23,1.76,2/m,0
AuBr3,37.40753777,0.8069,24,0.42,2/m,0
PBr3,44.65259769,3.3255,20,0.77,mmm,0
AsO2,14.9675757,3.3603,19,1.26,mmm,0
IrBr3,30.2444135,1.5527,22,0.76,2/m,0
TlBr2,39.99887451,1.7925,26,1.34,mmm,0
SbBr3,48.52038463,3.369,28,0.91,222,0
CaF2,13.98633122,7.1148,9,2.98,m-3m,0
BaBr2,35.86352232,4.3731,17,2.07,mmm,1
As4S3,33.77403977,2.3035,19,0.4,mmm,1
TiBr4,45.90213765,2.7818,17,1.42,2/m,0
CsBr3,43.55344767,2.1972,16,2.17,mmm,0
PaBr5,45.11709181,1.9593,18,1.46,2/m,0
Te2Br,37.7432289,0.6705,29,0.86,mmm,0
CrBr3,30.71493439,1.2692,19,1.3,-3,0
CS14,33.48766752,2.5353,10,0.03,-3m,0
Ag3P11,20.97627384,0.8283,14,0.26,m,0
PdBr2,36.23941372,0.8992,23,0.76,2/m,0
RhBr3,29.895441,1.2476,22,0.68,2/m,0
CdBr2,34.14720922,2.9384,25,1.27,6mm,0
AcBr3,34.78305438,4.1045,16,1.86,6/m,0
NdBr3,34.40976492,2.9222,19,1.82,mmm,0
SmBr3,33.50433308,2.9285,21,1.79,mmm,0
BrF5,16.82488186,3.4387,22,1.02,mm2,0
AsF3,17.87671282,5.3681,20,1.8,mm2,0
BaP10,23.2672071,1.3138,7,1.3,mm2,0
PbBr2,33.14468035,3.0524,27,0.63,mmm,0
SBr,38.19310508,2.2298,21,0.38,mm2,0
CdI2,40.68583448,2.3828,25,0.97,6mm,0
MnBr2,31.0694461,1.5991,20,1.41,-3m,0
GaBr2,36.94531833,3.1078,26,1.15,mmm,0
Br2O,26.72343831,1.3395,21,0.48,mm2,0
WBr6,37.67689691,1.0698,19,0.6,-3,0
La2Br5,33.63220949,0.2976,16,1.86,2/m,0
LaBr2,37.99366739,0.5883,16,1.86,6/mmm,0
NbBr5,38.92739161,1.5583,18,1.36,mmm,1
Ba4P3,34.82519475,0.7464,7,1.3,mmm,0
Ca5P8,22.69753985,1.1444,7,1.19,2/m,0
Br2O3,22.02963737,1.7571,21,0.48,2/m,0
In7Br9,33.70852619,1.5438,26,1.18,m-3,1
UBr5,44.56867985,0.2927,19,1.58,-1,0
Ta3Br7,31.77267938,1.2286,18,1.46,mmm,0
Sr4As3,31.35939531,0.5854,15,1.23,mmm,0
WBr2,32.70247339,2.4659,19,0.6,mmm,0
Al2Te3,36.64483149,1.8378,25,0.49,2/m,0
MoBr2,32.54082876,2.122,19,0.8,mmm,1
Cd7P10,22.43954676,1.075,15,0.5,mm2,1
LaAs2,25.52139837,0.5974,14,1.08,m,0
SnBr2,35.90185337,2.5037,27,1,mmm,0
CaI2,48.05253283,3.9035,17,1.66,-3m,0
MgBr2,30.60917834,4.4707,17,1.65,-3m,1
AsCl5,35.29715198,1.4384,20,0.98,mmm,0
BeBr2,33.90957056,5.1775,17,1.39,mmm,0
BeI2,37.61574668,4.1401,17,1.09,4/mmm,1
Na3As7,28.5384264,1.4233,14,1.25,2/m,0
BaP8,22.69830019,0.8122,7,1.3,-1,0
Ca2Ge,28.27325682,0.315,14,1.01,mmm,1
AlI3,52.81622812,3.2547,26,1.05,2/m,0
GaBr3,41.56612096,3.3474,26,1.15,2/m,0
Ca2As3,24.32476078,0.1658,15,1.18,2/m,0
Ag2S,24.39638781,1.3274,15,0.65,2,0
As8S9,30.31902461,1.7164,19,0.4,2/m,1
BaAs2,30.77487086,0.3723,15,1.29,m,0
SrBr2,33.43590511,4.2998,17,2.01,4/m,1
Th3As4,25.18495037,0.279,15,0.88,-43m,0
CdP2,24.00995501,1.4389,15,0.5,mm2,0
CdTe,36.41359051,0.5894,24,0.41,-43m,1
BeS,14.47790034,3.1453,8,1.01,-43m,0
AlF3,11.53877617,7.6012,18,2.37,-3m,1
CdAs2,26.4331368,0.1429,23,0.49,422,0
Te3As2,30.80608906,0.4692,27,0.08,2/m,0
As4S5,30.73117704,1.9859,19,0.4,2/m,0
SiBr2,41.22007492,2.6702,19,1.06,2/m,1
AuBr,31.8846388,1.6885,24,0.42,4/mmm,1
Ba3As14,29.59096016,1.1757,15,1.29,2/m,0
SeBr,38.83432379,1.7386,29,0.41,2/m,0
K3As11,33.13788983,1.4708,14,1.36,mmm,0
GeBr2,35.32790613,2.5973,27,0.95,2/m,0
Rb3As11,35.89783359,1.4712,14,1.36,mmm,0
AsSe,31.14969953,1.3778,27,0.37,2/m,0
AsS,30.37028015,2.032,19,0.4,2/m,0
AsS,30.86343057,1.945,19,0.4,2/m,0
AsS,30.75187803,1.9947,19,0.4,2/m,0
Ag2O3,13.29283306,0.3394,15,1.51,mm2,0
AlF3,12.31110886,7.4237,18,2.37,4/mmm,0
As2O5,12.92795865,1.3437,19,1.26,422,1
BaF2,18.73904627,6.8574,9,3.09,mmm,1
CO2,16.03532873,6.6688,10,0.89,mmm,0
Ag2S,21.08927058,1.0608,15,0.65,2/m,0
BaS3,27.8277611,1.0495,8,1.69,222,0
AsS,29.48909095,2.0408,19,0.4,2/m,0
As4S3,33.05816994,2.4772,19,0.4,mmm,0
BeF2,12.54027083,8.0889,9,2.41,622,0
BeF2,20.14878393,8.0776,9,2.41,-3m,1
AlF3,12.8480139,7.5154,18,2.37,mmm,1
BeF2,17.42808558,7.9633,9,2.41,-43m,0
Ag3F8,15.00916736,0.3356,16,2.05,2/m,0
CdI2,39.82030975,2.3991,25,0.97,-3m,0
CdI2,40.02446715,2.3383,25,0.97,-3m,0
CdI2,40.11514462,2.3726,25,0.97,-3m,0
CdI2,40.13970298,2.375,25,0.97,-3m,0
CdI2,40.08152554,2.3718,25,0.97,-3m,0
CdI2,40.15354793,2.3829,25,0.97,-3m,0
SiC,10.50288749,1.7977,8,0.65,6mm,0
CdI2,40.16329923,2.365,25,0.97,-3m,0
SiC,10.48910744,1.9887,8,0.65,6mm,0
GeBr4,44.38160776,2.9329,27,0.95,2/m,0
BaCl2,30.38782136,4.5724,9,2.27,-6m2,1
SrBr2,36.46354185,4.4697,17,2.01,mmm,1
AgI,35.13408552,1.596,24,0.73,4/mmm,1
Be3P2,13.23762122,0.8891,7,0.62,m-3,1
InBr2,38.78107747,2.4144,26,1.18,mmm,0
Ca3N2,17.52530925,1.3591,7,2.04,2/m,0
NbBr5,36.68392286,1.599,18,1.36,-1,0
Ca3N2,17.73714042,1.3008,7,2.04,mmm,0
BiBr3,41.96199001,2.835,28,0.94,2/m,0
BaI2,43.54228002,3.0499,17,1.77,-6m2,1
In5Br7,36.32562589,2.0779,26,1.18,2/m,0
TlBr,38.9770116,2.3494,26,1.34,m-3m,1
SiC,10.50035283,1.7708,8,0.65,3m,0
SiC,10.49546542,2.0218,8,0.65,3m,0
BaCl2,33.95821602,5.4379,9,2.27,m-3m,0
CdBr2,32.89039134,2.8772,25,1.27,-3m,0
In4Br7,38.1806962,2.2528,26,1.18,-3m,0
SiC,10.49383796,1.8342,8,0.65,3m,0
SiC,10.49088196,2.015,8,0.65,3m,0
BiBr,39.65802454,0.7867,28,0.94,2/m,1
AgTe,26.9557142,0.2416,23,0.17,mmm,0
TaBr5,38.59014187,2.0283,18,1.46,mmm,1
TlBr,35.85790489,2.1998,26,1.34,mmm,1
BeCl2,35.79187527,6.3715,9,1.59,32,0
CaTe,32.98365846,1.6189,16,1.1,6/mmm,1
CdI2,42.70437608,2.4319,25,0.97,3m,0
Ge3As4,23.94026954,0.1541,25,0.17,-43m,0
CdI2,40.56570921,2.38,25,0.97,3m,0
CdI2,41.63661956,2.4072,25,0.97,3m,0
CdI2,41.30320342,2.4077,25,0.97,3m,0
TiBr4,47.01560076,2.7939,17,1.42,m-3,1
MnBr2,29.15839991,1.5292,20,1.41,-3m,0
CdI2,40.14662253,2.3909,25,0.97,3m,0
CdI2,40.0977212,2.3743,25,0.97,6mm,0
SbBr3,40.53146491,3.1147,28,0.91,mmm,0
CdI2,40.20171189,2.3725,25,0.97,3m,0
CdI2,40.14306218,2.3693,25,0.97,6mm,0
CdI2,40.22866774,2.3784,25,0.97,3m,0
CdI2,41.54417225,2.4122,25,0.97,6mm,0
CdI2,40.22357908,2.3565,25,0.97,3m,0
AlH3,9.749623527,3.1932,12,0.59,mmm,0
AuBr,32.42445937,1.9716,24,0.42,4/mmm,1
InBr3,35.24290237,2.4965,26,1.18,2/m,0
BeCl2,53.81337413,6.6628,9,1.59,-43m,0
ThBr4,33.23587807,2.82,17,1.66,4/m,0
CdI2,41.37910069,2.3962,25,0.97,3m,0
SiBr4,45.35348144,4.1057,19,1.06,m-3,1
AgBr,24.96356321,0.7132,24,1.03,2/m,0
CdI2,40.56475371,2.3776,25,0.97,3m,0
Sn3As4,28.76484429,0.3924,25,0.22,-43m,0
CdI2,40.37037299,2.379,25,0.97,3m,0
CdI2,41.74400095,2.4105,25,0.97,3m,0
CdI2,40.17127275,2.3648,25,0.97,3m,0
TcBr4,35.38614157,0.6025,20,1.06,mmm,1
CdI2,42.01773463,2.4254,25,0.97,3m,0
CdI2,40.13154369,2.3845,25,0.97,3m,0
Rb3As7,35.98718053,1.5282,14,1.36,2/m,0
CdI2,42.48319416,2.4244,25,0.97,3m,0
CdI2,40.13222715,2.385,25,0.97,3m,0
SeBr,36.24701485,1.4863,29,0.41,mm2,0
CdI2,42.07110236,2.4284,25,0.97,3m,0
SiC,10.50420197,2.0149,8,0.65,3m,0
CdI2,40.80335365,2.4004,25,0.97,3m,0
AgCl,21.89890751,0.874,16,1.23,2/m,0
SiC,10.50374643,2.0837,8,0.65,3m,0
CdI2,40.21493606,2.3682,25,0.97,3m,0
CdI2,40.98159935,2.4076,25,0.97,3m,0
SiC,10.49642862,1.9887,8,0.65,3m,0
AgCl,21.49659143,0.445,16,1.23,mmm,0
CdI2,40.13349813,2.3817,25,0.97,3m,0
BeI2,40.54282416,4.078,17,1.09,mmm,0
CdI2,41.40642075,2.4157,25,0.97,3m,0
BeCl2,23.56024652,6.514,9,1.59,4/mmm,1
SiC,10.49545296,1.9049,8,0.65,3m,0
CdI2,40.14359926,2.3741,25,0.97,3m,0
MnBr2,28.37096931,1.5308,20,1.41,m-3m,1
CdI2,40.11608356,2.3827,25,0.97,3m,0
CdI2,40.40253334,2.382,25,0.97,3m,0
CaBr2,34.62623038,4.4509,17,1.96,4/mmm,1
CdI2,40.18453613,2.3934,25,0.97,3m,0
CsBr,50.69609465,4.2579,16,2.17,m-3m,1
CdI2,41.67573924,2.4218,25,0.97,3m,0
YbBr2,32.92962783,4.4692,29,1.86,mmm,1
GeBr4,44.00148172,2.9647,27,0.95,m-3,1
SiC,10.49508649,1.8184,8,0.65,3m,0
SiC,10.49258745,1.9142,8,0.65,3m,0
CdI2,40.20028886,2.3772,25,0.97,3m,0
CdI2,40.15249397,2.3835,25,0.97,3m,0
CdI2,40.18461191,2.3788,25,0.97,3m,0
CdI2,40.18369104,2.3663,25,0.97,3m,0
CdI2,40.20283963,2.3766,25,0.97,3m,0
HgBr2,33.90233572,1.682,25,0.96,3,0
CdI2,40.24377873,2.3719,25,0.97,3m,0
CdI2,44.19887456,2.4658,25,0.97,3m,0
CdI2,40.16801112,2.3722,25,0.97,3m,0
CdI2,42.37611492,2.4388,25,0.97,3m,0
CdI2,40.18138787,2.377,25,0.97,3m,0
CdI2,40.75333703,2.4008,25,0.97,3m,0
CdI2,40.24863078,2.387,25,0.97,3m,0
CdI2,40.53309536,2.3941,25,0.97,3m,0
CdI2,40.85599456,2.3923,25,0.97,3m,0
CdI2,40.2966219,2.3857,25,0.97,3m,0
CdI2,40.84970704,2.3903,25,0.97,3m,0
CdI2,40.47781182,2.3882,25,0.97,3m,0
CdI2,43.19051779,2.4567,25,0.97,3m,0
CdI2,43.77794742,2.457,25,0.97,3m,0
CaCl2,28.44006203,5.5969,9,2.16,mmm,0
CdI2,40.38451802,2.3721,25,0.97,3m,0
CdI2,40.5997237,2.3876,25,0.97,3m,0
CdI2,41.30977334,2.4181,25,0.97,3m,0
CdI2,40.52461497,2.3944,25,0.97,3m,0
Cs3As7,40.08254796,1.5703,14,1.39,mmm,0
Cs3As11,37.78160342,1.3884,14,1.39,2/m,0
SiBr4,45.76261922,4.1056,19,1.06,2/m,0
CdI2,42.40053304,2.429,25,0.97,3m,0
AgI,36.8693034,1.3762,24,0.73,6mm,1
SiC,10.49476954,1.7106,8,0.65,3m,0
CdI2,41.08829015,2.3919,25,0.97,3m,0
Ag2S,20.54908896,0.9133,15,0.65,2/m,0
Gd2Br3,31.65943601,0.2133,23,1.76,2/m,0
B6As,9.334417896,2.6454,24,0.14,-3m,1
SiC,10.49518109,2.0545,8,0.65,3m,0
CdI2,40.12089005,2.347,25,0.97,3m,0
CdI2,40.11920517,2.3498,25,0.97,3m,0
CdI2,40.09670954,2.353,25,0.97,3m,0
CdI2,40.10881667,2.3456,25,0.97,3m,0
CdI2,40.0705526,2.3697,25,0.97,3m,0
HBr,28.27195251,4.681,16,0.76,mm2,1
CaO2,12.66192703,2.7332,8,2.44,4/mmm,0
As2S3,28.83440655,2.0868,19,0.4,2/m,0
CaC2,16.53265522,2.4765,6,1.55,-1,0
CO2,15.62432674,6.3098,10,0.89,4/mmm,0
PBr7,37.07270772,1.2227,20,0.77,mmm,1
CdI2,40.04456447,2.3676,25,0.97,3m,0
ZnBr2,32.56556436,3.2203,25,1.31,4/mmm,1
GaBr2,33.89249247,3.3617,26,1.15,3m,0
SeBr4,39.49308252,2.2103,29,0.41,3m,0
In5Br7,35.6533381,2.0735,26,1.18,m,0
AlN,10.63182077,4.039,16,1.43,6mm,1
CdI2,40.06635374,2.3784,25,0.97,3m,0
CdI2,40.102901,2.3451,25,0.97,3m,0
CdI2,40.06668059,2.3545,25,0.97,3m,0
CdI2,40.17737317,2.3549,25,0.97,3m,0
CdS,26.21571884,1.1162,16,0.89,6mm,1
CaN6,13.73404556,3.4199,7,2.04,mmm,1
CdI2,40.09625754,2.3536,25,0.97,3m,0
CdI2,40.10962741,2.3548,25,0.97,3m,0
CdI2,40.08255084,2.351,25,0.97,3m,0
CdI2,40.09739718,2.3506,25,0.97,3m,0
CdI2,39.94628315,2.3417,25,0.97,3m,0
CdI2,40.04780002,2.3813,25,0.97,3m,0
CdI2,40.12912452,2.3441,25,0.97,3m,0
CdI2,40.09013351,2.3523,25,0.97,3m,0
CdI2,40.07776099,2.3483,25,0.97,3m,0
CdI2,40.07850831,2.3526,25,0.97,3m,0
CdI2,40.06499718,2.355,25,0.97,3m,0
CdI2,40.00722139,2.3558,25,0.97,3m,0
CdI2,39.98281745,2.3419,25,0.97,3m,0
CdI2,39.94877951,2.3355,25,0.97,3m,0
CdI2,40.00623209,2.3508,25,0.97,3m,0
CdI2,39.95669553,2.3384,25,0.97,3m,0
CdI2,40.16847581,2.3691,25,0.97,3m,0
CdI2,39.96288794,2.3597,25,0.97,3m,0
CdI2,39.94679573,2.3544,25,0.97,3m,0
In5Br7,35.9249976,2.0373,26,1.18,422,1
CdI2,39.63867532,2.3569,25,0.97,3m,0
K3As7,33.24648057,1.4029,14,1.36,mmm,0
Tl2Br3,35.51131587,1.1457,26,1.34,2/m,1
Li3As7,23.07738285,1.3269,14,1.2,mmm,1
Rb3As7,36.64237206,1.457,14,1.36,mmm,0
Zn3As2,21.19141076,0.1378,23,0.53,4/mmm,1
In4Br7,37.6466238,2.2927,26,1.18,2/m,0
BaS2,30.36224264,1.5761,8,1.69,2/m,0
CdI2,40.04837306,2.3629,25,0.97,3m,0
Al2S3,18.94059402,1.6714,17,0.97,4/mmm,0
B4C,7.419531769,1.5112,15,0.51,-3m,0
Be3N2,6.861169941,3.3533,7,1.47,6/mmm,0
Al2O3,9.647485362,4.4571,17,1.83,2/m,0
KAs,32.81470507,0.6695,14,1.36,222,1
SiC,10.50137938,2.3015,8,0.65,6mm,0
Al2Os,14.08272339,0.3106,17,0.59,4/mmm,0
ZnAs2,24.31448076,0.2249,23,0.53,2/m,1
ZnAs,20.19995172,0.2459,23,0.53,mmm,0
BaSe2,34.36486185,0.7357,16,1.66,2/m,0
BaSe3,29.58924111,0.926,16,1.66,-42m,0
Li3As,16.19028891,0.6365,14,1.2,6/mmm,0
BeO,7.274737475,7.0841,8,1.87,4/mmm,0
MgAs4,24.12101953,0.8219,15,0.87,422,0
SiC,10.49637874,2.039,8,0.65,6mm,0
As2Ru,17.24957913,0.4949,19,0.02,mmm,0
BeH2,7.559028575,5.3418,3,0.63,mmm,1
BaP3,25.37283342,0.5476,7,1.3,2/m,0
CdP4,21.11937702,0.4893,15,0.5,2/m,0
LiAs,18.30110687,0.3722,14,1.2,2/m,0
AlF3,12.05543682,7.4282,18,2.37,m-3m,0
SiC,10.50029389,1.3923,8,0.65,-43m,0
AgP2,19.3396176,0.6188,14,0.26,2/m,0
BaTe3,36.09438846,0.813,16,1.21,-42m,0
Ca3N2,18.88980013,1.1111,7,2.04,m-3,0
AsF5,16.87206875,4.6001,20,1.8,6/mmm,1
Na3As,23.07927962,0.1193,14,1.25,m-3m,1
AlP,20.85945533,1.9714,16,0.58,6mm,0
AlAs,23.56098666,1.687,24,0.57,6mm,1
GaAs,23.76137088,0.1942,24,0.37,6mm,1
As2Se3,29.97972455,1.4354,27,0.37,2/m,0
CdP2,23.99102634,1.4576,15,0.5,422,0
CaC2,16.40416503,2.2972,6,1.55,2/m,0
Al2Te5,36.8297989,1.0464,25,0.49,2/m,0
GeAs,25.45699003,0.6381,25,0.17,2/m,1
VBr2,28.69008866,1.0943,18,1.33,-3m,0
SiAs2,24.24855062,0.892,17,0.28,mmm,0
Te3As2,29.26210011,0.1682,27,0.08,-3m,0
SiC,10.49719473,1.8904,8,0.65,3m,0
GaTe,34.0979681,0.8034,25,0.29,6/mmm,0
GeSe2,29.63729473,1.5209,26,0.54,-42m,0
K3Sb,39.24634654,0.6773,14,1.23,m-3m,1
Re2O7,15.31033168,2.6752,11,1.54,222,0
MgTe,26.77138451,0.8469,16,0.79,6/mmm,0
MgSe,26.97411586,2.5855,16,1.24,6mm,1
MoSe2,22.82657723,1.2588,18,0.39,6/mmm,0
MoS2,20.57538868,1.3377,10,0.42,6/mmm,0
K2S,34.66067204,2.321,7,1.76,m-3m,0
GeRu,14.67717895,0.1677,18,0.19,23,0
Cs3Sb,51.10001495,0.6214,14,1.26,m-3m,0
MgTe,34.56544542,2.3612,16,0.79,6mm,1
CsI,50.76731051,3.6837,16,1.87,m-3m,0
CsH,33.46971049,2.4016,2,1.41,m-3m,1
K2Pt,37.45808264,1.3492,9,1.46,m-3m,0
NaN3,15.18622902,4.0425,6,2.11,m,0
MgO,11.38051172,3.2583,8,2.13,6/mmm,1
NaN3,15.50036871,4.1512,6,2.11,3m,0
GeO2,9.70530049,1.3715,18,1.43,mmm,1
Ga2Ru,14.49743158,0.123,17,0.39,mmm,0
MgF2,11.33287579,6.8459,9,2.67,mmm,1
MgSe,20.92113152,1.7649,16,1.24,m-3m,0
WN2,9.697515885,1.6013,9,0.68,6/mmm,0
CsI,61.11534273,3.8345,16,1.87,mmm,1
KI,46.38477874,3.7464,16,1.84,mmm,1
InSe,33.32283601,0.6528,25,0.77,-6m2,1
Cs2S3,36.90657521,1.3821,7,1.79,mm2,0
NaCl7,28.98020143,0.4389,8,2.23,m-3,0
GeO2,9.54251327,1.5228,18,1.43,mmm,1
OF2,13.56713413,2.1256,13,0.54,mmm,0
GeP,21.84786933,0.5034,17,0.18,2/m,0
GeF2,17.14004475,4.1965,19,1.97,mmm,0
CdS2,21.92683223,1.2404,16,0.89,m-3,0
LuN,13.4522345,0.2488,20,1.77,m-3m,0
MgH2,9.350476668,2.7298,3,0.89,m-3,0
MgSe2,23.09767867,1.6487,16,1.24,m-3,0
NaSn,30.22867814,0.3429,13,1.03,4/mmm,0
CsSn,48.24634395,0.7472,13,1.17,4/mmm,1
In2O3,12.85927369,0.7628,17,1.66,mmm,0
MnO2,14.70059256,0.9838,11,1.89,2/m,0
CrSi2,11.92317927,0.3864,8,0.24,622,0
GaSe,27.96659562,1.2376,25,0.74,3m,0
LiF,8.511080932,8.7164,8,3,m-3m,0
Li2S,15.60691393,3.4112,7,1.6,m-3m,0
Zr3N4,11.28697388,0.6808,7,1.71,-43m,1
CsTe4,42.75612161,0.6279,15,1.31,2/m,1
FeF3,13.80459026,3.0655,13,2.15,32,0
CsS3,33.75842678,1.6786,7,1.79,-1,0
NaCl3,25.55327747,2.7103,8,2.23,mmm,1
GeO2,14.05822351,2.9402,18,1.43,2/m,0
Ge3F8,14.54815036,4.3752,19,1.97,2/m,0
Cs2Sb,50.65008651,0.2818,14,1.26,mmm,0
MgO,9.674880559,4.0482,8,2.13,6/mmm,1
Cs2S5,35.91264394,1.8857,7,1.79,222,0
In2O3,13.02275129,0.8786,17,1.66,mmm,0
NaP15,22.84074221,1.5187,6,1.26,-1,0
SiO2,19.15162128,5.7794,10,1.54,mmm,1
NaP7,24.15043393,1.7429,6,1.26,4/mmm,1
Mg3Sb2,30.2519813,1.3143,15,0.74,m-3,0
Bi2O3,18.58570755,2.5398,19,1.42,m-3,1
KS3,29.56107667,1.8027,7,1.76,2/m,0
Nb6I11,38.13216414,0.1691,18,1.06,mm2,0
GeS2,26.99331359,2.2271,18,0.57,m,0
In2Te5,37.65825615,0.8515,25,0.32,2/m,0
MoI2,37.96464839,1.6796,19,0.5,mmm,0
RbGe,35.58303522,0.9153,13,1.19,4/mmm,0
Re4Ge7,15.8160283,0.7029,17,0.11,-42m,1
V6O13,12.11571017,0.1302,9,1.81,2/m,0
KSi,30.34635061,1.1834,5,1.08,4/mmm,0
KGe,32.70101857,0.9027,13,1.19,4/mmm,0
CsP7,28.57422003,1.2766,6,1.4,mmm,1
Nb2O5,14.69610765,1.8987,9,1.84,2/m,0
CsSe4,36.29808157,0.9736,15,1.76,mmm,0
WO3,14.78861918,1.4888,10,1.08,-42m,0
S7N,30.42926755,0.6464,11,0.46,mmm,0
CsSb,49.20392008,0.5216,14,1.26,2/m,1
SiO2,21.27789448,5.6518,10,1.54,6/mmm,1
CsTe7,39.88449231,0.1135,15,1.31,4/mmm,1
CsBi,52.20783865,0.2452,14,1.23,2/m,1
GeH4,17.78022808,5.7843,13,0.19,2/m,0
KSi,32.0028242,1.2619,5,1.08,-43m,0
NaS2,23.43857217,2.0084,7,1.65,-42m,0
CrSi2,11.92485599,0.3863,8,0.24,622,0
Ga2O3,10.0683553,2.4063,17,1.63,-3m,0
SrGe2,27.298608,0.4377,14,1.06,mmm,0
MgF2,11.36435454,6.824,9,2.67,4/mmm,1
MgO,9.639689133,4.4449,8,2.13,m-3m,1
Na2Se,26.82591131,2.0162,15,1.62,m-3m,1
CoO2,16.04648405,1.2049,13,1.56,2/m,0
CsGe,42.28746264,1.3383,13,1.22,-43m,0
KS,31.50096457,1.5071,7,1.76,-6m2,0
GeS,21.15160647,0.5794,18,0.57,mmm,0
MgSe,27.00691259,2.5476,16,1.24,-43m,1
MgS,23.12637321,3.3692,8,1.27,-43m,1
MgTe,34.52833434,2.3186,16,0.79,-43m,1
MgS,17.87174401,2.7919,8,1.27,m-3m,0
CoSb3,23.66749774,0.1651,20,0.17,m-3,1
CdSb,30.40616542,0.1368,23,0.36,mmm,0
Ga2Se3,26.21451874,1.0376,25,0.74,m,1
Cs2Pt,40.38717555,1.7066,9,1.49,6/mmm,0
Mg2Si,21.49063188,0.2361,6,0.59,m-3m,0
CsSi,40.34289601,1.5634,5,1.11,-43m,1
Ge3N4,12.68606489,1.8873,17,1.03,6/m,1
K3Sb,44.21438753,0.3938,14,1.23,6/mmm,0
CoP2,13.08440121,0.4336,12,0.31,2/m,0
MoS2,20.88311783,1.4154,10,0.42,3m,0
TiO2,10.52471659,2.5301,8,1.9,mmm,0
Cs2P3,37.30394964,0.9865,6,1.4,mmm,1
FeS2,13.57017823,0.8901,12,0.75,mmm,0
KSb,39.84998967,0.6608,14,1.23,2/m,0
NaSe2,27.40723147,1.1893,15,1.62,-42m,0
KTe,43.97336596,0.2686,15,1.28,-6m2,0
Mg3N2,12.59203998,1.5099,7,1.73,m-3,0
NaSe,26.08176434,0.4799,15,1.62,6/mmm,1
K3P11,29.01178755,1.9334,6,1.37,mmm,0
GaSe,28.10728521,1.2404,25,0.74,-6m2,0
Nb2O5,14.70686238,2.1865,9,1.84,2/m,0
Na3P,23.68437657,0.4046,6,1.26,6/mmm,1
Sn3N4,13.6458147,0.234,17,1.08,m-3m,1
MoSe2,24.68540335,1.4626,18,0.39,6/mmm,1
Ge3Os2,15.80821106,0.7418,18,0.19,mmm,1
Sb2O5,12.05577153,0.5039,19,1.39,2/m,0
FeSi2,12.50329615,0.6958,10,0.07,mmm,0
K2S5,29.20336716,1.9305,7,1.76,222,0
Rh2O3,10.57805641,0.5649,13,1.16,mmm,1
K2Te,46.48925273,2.1383,15,1.28,m-3m,0
NO2,15.41717333,2.7031,11,0.4,2/m,0
UN2,12.25564057,0.7049,9,1.66,m-3m,0
CsF,28.62467474,5.2602,8,3.19,m-3m,0
KGa3,25.21613417,0.2739,12,0.99,-42m,0
SbO2,13.40687924,2.022,19,1.39,2/m,0
Ga7Te10,33.54542079,0.8758,25,0.29,32,0
K2Se5,32.81015669,0.9376,15,1.73,222,0
NbF5,16.53552246,4.5673,10,2.38,2/m,0
Mn3O4,11.81815344,0.6389,11,1.89,4/mmm,0
MoO3,14.50879577,1.3723,10,1.28,2/m,1
RbGe,37.23664177,1.015,13,1.19,-43m,0
Mn5O8,10.91520208,0.4403,11,1.89,2/m,0
MnO,11.34665955,1.7244,11,1.89,-3m,0
NiO,9.371359717,2.3071,14,1.53,-3m,0
CoO,12.20452446,0.712,13,1.56,mm2,1
MnO2,10.50332006,0.8977,11,1.89,mmm,0
MnO2,11.99390084,1.0729,11,1.89,4/m,0
Cr2O3,10.29237327,2.4343,10,1.78,-3m,0
GaSe,28.00472169,1.2348,25,0.74,6/mmm,0
Li2O,8.426606229,4.9168,7,2.46,m-3m,0
TmN,13.93110036,0.1687,18,1.79,m-3m,0
Fe2O3,10.46680323,1.5284,12,1.61,-3m,0
InS,25.55897261,1.3814,17,0.8,mmm,0
ErN,14.24397395,0.1285,17,1.8,m-3m,0
In4Se3,29.25699818,0.216,25,0.77,mmm,0
FeP2,12.71516136,0.4336,11,0.36,mmm,0
InP,26.42000431,0.4546,16,0.41,-43m,1
InSe,31.68247713,0.4575,25,0.77,6/mmm,1
MoO3,13.45952857,1.9539,10,1.28,mmm,0
KTe,43.14894183,0.6627,15,1.28,6/mmm,1
Li3Sb,17.65793246,0.7159,14,1.07,m-3m,0
YN,14.87876783,0.151,6,1.82,m-3m,0
SrN6,15.56830102,3.6688,7,2.09,mmm,1
InSe,29.84853496,1.0458,25,0.77,2/m,0
KGe,33.73669293,0.9106,13,1.19,-43m,0
KPb,41.44154018,0.3735,13,1.51,4/mmm,0
Ge3Ru2,15.63196301,0.3814,18,0.19,mmm,0
NaN3,15.00878049,4.0245,6,2.11,-3m,0
In2S3,24.78635333,0.8349,17,0.8,4/mmm,0
GeO2,14.32379631,3.2501,18,1.43,32,0
In2O3,13.28280899,0.9604,17,1.66,-3m,0
In2S3,22.96063473,0.2915,17,0.8,-3m,0
CoO,12.15593718,0.588,13,1.56,-42m,1
GeS,21.98320536,1.2376,18,0.57,mmm,1
Si3N4,10.67571179,4.6547,9,1.14,3m,0
Li3N,11.22064171,0.9858,6,2.06,6/mmm,0
In2O3,13.65734505,0.9331,17,1.66,m-3,0
FeS2,13.1498018,0.4429,12,0.75,m-3,0
InSe,32.54059017,0.5365,25,0.77,3m,1
Li2Se,18.17851692,2.9974,15,1.57,m-3m,0
NaCl,23.04807417,5.0033,8,2.23,m-3m,1
CuI,27.73043065,1.5722,24,0.76,4/mmm,1
CsCl,37.28411223,4.9881,8,2.37,m-3m,1
CsI3,53.50071818,1.8986,16,1.87,mmm,0
CdCl2,28.09936533,3.5214,17,1.47,-3m,0
CuI,27.48143547,1.1363,24,0.76,-43m,1
KI,46.37166692,3.8513,16,1.84,m-3m,1
LiI,27.34843822,4.2337,16,1.68,m-3m,0
LiCl,17.1012054,6.2506,8,2.18,m-3m,0
CuCl,19.73369438,0.5612,16,1.26,-43m,1
IO2,17.67880423,1.4431,21,0.78,2/m,0
KCl,32.5166187,5.0442,8,2.34,m-3m,1
InI,39.09892791,1.3568,26,0.88,mmm,1
MgI2,39.54769217,3.6163,17,1.35,-3m,0
MgCl2,25.64326562,5.6177,9,1.85,-3m,0
Li3Bi,19.11006895,0.3607,14,1.04,m-3m,0
CoCl2,21.81224366,0.3748,14,1.28,-3m,0
GeI4,53.99019859,1.996,27,0.65,m-3,1
NaI,34.8375611,3.5255,16,1.73,m-3m,1
InCl,30.89225541,2.1877,18,1.38,23,0
CuCl,17.35267188,0.4439,16,1.26,m-3,1
NbCl5,33.24190111,2.2207,10,1.56,2/m,0
Na2O2,12.82546898,1.7552,7,2.51,-6m2,0
Li3N,8.732692499,1.218,6,2.06,6/mmm,0
Dy2O3,15.21011632,3.9251,16,2.22,m-3,0
Na2O,14.59619036,1.8735,7,2.51,m-3m,0
LiH,8.001044045,2.9737,2,1.22,m-3m,1
Ga2Te5,33.5262924,1.0068,25,0.29,4/m,0
MgH2,10.23193521,3.736,3,0.89,4/mmm,0
MgH2,10.04683856,3.6284,3,0.89,mmm,0
NaH,14.05929367,3.7667,2,1.27,m-3m,0
HN,9.325324657,4.1598,6,0.84,mmm,0
NaS,22.68776668,1.2347,7,1.65,6/mmm,1
NaSi,24.20377045,1.2341,5,0.97,2/m,0
KH,23.10458544,3.4696,2,1.38,m-3m,0
CdF2,13.80839441,2.8997,17,2.29,m-3m,0
LiP5,19.32166526,1.2083,6,1.21,mm2,0
Er2O3,13.55439699,4.1121,18,2.2,2/m,0
GaP,20.86842252,1.5928,16,0.38,-43m,0
GaS,24.81393653,1.8829,17,0.77,6/mmm,0
Mg3P2,21.97650546,1.6068,7,0.88,m-3,1
MnO2,11.65142153,1.3808,11,1.89,-3m,0
MnO2,11.65788015,1.572,11,1.89,m-3m,0
Li2Te,23.03882995,2.5171,15,1.12,m-3m,0
Sr2Ge,34.32100436,0.3776,14,1.06,mmm,1
MgO2,9.793036882,3.7324,8,2.13,m-3,0
MgTe2,29.93818167,1.1162,16,0.79,m-3,0
GeTe,27.11594156,0.4145,26,0.09,m-3m,1
Y2O3,15.3297448,4.056,7,2.22,m-3,0
LiN3,11.35433039,3.6497,6,2.06,2/m,0
CsAu,42.04437537,1.0239,10,1.75,m-3m,0
Mo8O23,14.99194224,0.1155,10,1.28,2/m,0
K2O2,19.78517266,2.3476,7,2.62,mmm,0
FeP4,14.49728653,0.9162,11,0.36,2/m,0
Ge5F12,16.47605092,4.3666,19,1.97,2/m,0
NiCl2,22.26887473,0.7412,15,1.25,-3m,0
LiTe3,29.90723907,0.2297,15,1.12,-3m,0
Ta3N5,13.05275476,1.2291,8,1.54,mmm,0
LiP7,21.52670843,1.656,6,1.21,4/mmm,0
Zr3N4,12.73120505,0.9706,7,1.71,mmm,0
Mo9O26,15.03056776,0.6728,10,1.28,2/m,0
Na2Te,32.82762429,2.0282,15,1.17,m-3m,1
Nb3Cl7,25.67874656,0.9755,10,1.56,mmm,0
NO2,15.32153873,2.8134,11,0.4,m-3,1
GeI2,43.9401847,2.035,27,0.65,-3m,0
MnI2,38.29070493,1.1719,20,1.11,-3m,0
Cu2P7,18.02518824,0.6893,14,0.29,2/m,1
In5Cl9,29.69747223,2.9912,18,1.38,-3m,0
Na2S5,24.34379113,1.7624,7,1.65,mmm,0
MoS2,21.85850903,1.4606,10,0.42,6/mmm,0
MnCl2,26.05694427,1.7964,12,1.61,-3m,0
Li3P7,19.90330636,1.7925,6,1.21,222,0
NaTe,30.88572598,0.5388,15,1.17,mmm,1
NaTe3,33.39928506,0.5246,15,1.17,-3m,0
In7Cl9,29.99713966,2.1903,18,1.38,m-3,1
KSb2,36.98390533,0.2091,14,1.23,2/m,0
H3N,8.370665582,4.3287,6,0.84,23,1
CsS,44.23296162,1.7363,7,1.79,mmm,0
InI2,46.77886116,1.7858,26,0.88,mmm,0
Ge7F16,16.2168732,4.3804,19,1.97,m,0
NaGe,25.57594943,0.6652,13,1.08,2/m,1
Ge3Cl8,35.95683866,3.2079,19,1.15,-43m,0
Nb3Cl8,25.25781707,0.1476,10,1.56,-3m,0
GeCl4,38.70875176,4.1254,19,1.15,2/m,0
Bi4O7,16.06339536,0.89,19,1.42,-1,0
GaCl3,35.06597556,4.1634,18,1.35,2/m,0
GaI3,51.29780114,2.3616,26,0.85,2/m,0
CuCl2,25.20503016,0.1102,16,1.26,2/m,0
NbCl4,30.15174977,1.0761,10,1.56,2/m,0
NaP5,21.38573348,1.3314,6,1.26,mmm,0
KBi,42.5169407,0.4072,14,1.2,2/m,0
NbI5,43.70901618,0.5983,18,1.06,2/m,0
RbGa3,26.15025021,0.1896,12,0.99,-42m,0
Fe3O4,11.20336419,0.7369,12,1.61,mmm,0
WO3,15.69876611,1.2267,10,1.08,6/mmm,1
Cu2O,13.13881687,0.4997,15,1.54,m-3m,1
MgB4,8.957599319,0.3706,13,0.73,mmm,0
MgP4,19.95765206,0.58,7,0.88,2/m,0
Mg2Ge,22.10675196,0.1872,14,0.7,m-3m,0
NaS,22.97756001,0.8685,7,1.65,-6m2,0
KF,19.94643161,5.9956,8,3.16,m-3m,1
Nb2F5,13.89917129,0.1513,10,2.38,m-3m,0
Th3N4,17.0768933,1.482,7,1.74,-3m,0
GeO2,9.745858768,1.2307,18,1.43,4/mmm,1
Na3P11,23.74733071,1.8364,6,1.26,mmm,1
NiP2,14.916122,0.4079,13,0.28,2/m,0
MnP4,14.63887933,0.4422,10,0.64,-1,0
N2O5,12.74107915,0.6641,11,0.4,6/mmm,0
Cs2Te13,40.78803705,0.4848,15,1.31,mmm,1
Cs2Te3,47.58851741,0.5492,15,1.31,mm2,0
Ge3Os2,15.89431471,0.8456,18,0.19,-42m,1
CrO3,17.31043164,2.2587,10,1.78,mm2,0
CsN3,22.85106623,4.2241,6,2.25,4/mmm,1
Ga2S3,22.77267505,1.6981,17,0.77,m,0
NCl3,30.4874681,2.1637,12,0.12,mmm,0
GeSe2,33.37435153,1.4382,26,0.54,2/m,0
Cs2S,42.16138988,2.0957,7,1.79,mmm,1
OsO4,18.72476947,3.3008,12,1.24,2/m,0
Cs2Se5,39.12441956,0.9613,15,1.76,222,0
Nb2Se9,29.28817713,0.7515,17,0.95,-1,0
Cs3P7,36.24988016,2.3442,6,1.4,4,0
Ge5Ir4,16.70761372,0.1335,19,0.19,-42m,0
KSn,39.19862054,0.7335,13,1.14,4/mmm,0
GeS2,27.62019123,2.2372,18,0.57,mm2,0
GaTe,32.71471089,1.0626,25,0.29,2/m,1
WO3,15.71413297,1.1472,10,1.08,6/mmm,0
Cr3O8,15.32799915,0.5084,10,1.78,2/m,0
SnO2,12.58614302,0.8063,18,1.48,mmm,0
CoO2,23.40837234,1.2999,13,1.56,2/m,0
SiO2,22.27956186,5.6413,10,1.54,4/mmm,0
MoF3,18.51524029,2.9744,11,1.82,m-3m,0
CrF2,13.79280927,3.0034,11,2.32,2/m,0
RuO4,18.76873458,2.4251,12,1.24,-43m,1
CrF4,13.76426087,1.5653,11,2.32,2/m,0
SiO2,13.18455742,5.5882,10,1.54,m-3,0
In6S7,24.02678054,0.3185,17,0.8,2/m,1
CoF2,12.08679449,3.3629,14,2.1,4/mmm,0
Nb2O5,14.86060835,1.5314,9,1.84,4/mmm,0
MnF3,14.25080206,0.5139,12,2.43,2/m,0
GaS,24.73507552,2.0126,17,0.77,6/mmm,0
FeF2,12.77080372,3.3829,13,2.15,4/mmm,0
SiO2,16.3191354,5.4801,10,1.54,222,1
Na2S,21.7067129,2.1176,7,1.65,mmm,1
SiO2,18.91644764,5.5806,10,1.54,1,0
MoF6,16.90038684,4.1644,11,1.82,mmm,1
MoF3,15.39414898,3.5744,11,1.82,-3m,0
La2O3,16.96332911,3.4153,7,2.34,2/m,0
NO2,18.01899313,2.7841,11,0.4,m-3,1
SiO2,19.29705515,5.5233,10,1.54,m,0
SiO2,20.21710864,5.7183,10,1.54,2/m,0
Cr2F5,13.68570023,1.6074,11,2.32,2/m,1
MoF6,20.14578592,4.2539,11,1.82,m-3m,0
Cr8O21,14.73064568,1.6022,10,1.78,-1,0
SiO2,14.83804168,5.65,10,1.54,m-3m,0
SiO2,20.01470577,5.6491,10,1.54,4/mmm,0
FeF3,17.99229706,2.743,13,2.15,m-3m,1
NiF2,11.49631049,4.9082,15,2.07,4/mmm,1
SiO2,14.05981475,5.6041,10,1.54,422,0
SiO2,24.72772236,5.6815,10,1.54,m-3m,0
SiO2,20.24824642,5.5749,10,1.54,mmm,0
CrF3,12.68489936,3.6701,11,2.32,-3m,0
MnF2,13.73948882,3.5874,12,2.43,4/mmm,0
PO2,15.76112704,4.518,11,1.25,2/m,0
NbS3,20.46239389,0.3568,9,0.98,-1,0
MoO3,13.47526459,1.692,10,1.28,2/m,0
LaN,22.04063517,1.1195,6,1.94,6mm,0
CdI2,40.1590008,2.367,25,0.97,-3m,0
CdI2,40.38852893,2.3734,25,0.97,-3m,0
InI3,52.80680154,2.2698,26,0.88,2/m,0
P3N5,12.55713048,3.5819,10,0.85,2/m,0
Mn11Si19,11.99034753,0.8909,9,0.35,-42m,1
K2Ga3,28.89251346,0.242,12,0.99,4/mmm,0
GaSe,27.61964645,1.2081,25,0.74,6mm,0
LiI,27.22754634,4.2245,16,1.68,6/mmm,0
CdI2,39.78369857,2.3959,25,0.97,-3m,0
FeP4,14.19475998,0.8437,11,0.36,222,0
MgH2,9.060850261,2.0783,3,0.89,mmm,1
NbCl5,32.45385134,2.2892,10,1.56,2/m,0
K3Bi,41.51362516,0.1313,14,1.2,m-3m,1
GaCl2,29.42465907,3.8516,18,1.35,mmm,0
MgH2,9.043363391,2.3528,3,0.89,mm2,0
CuI,27.51525846,1.2172,24,0.76,6mm,1
MnP4,14.64003988,0.4901,10,0.64,-1,0
NbI5,46.80252638,0.9944,18,1.06,-1,0
K2P3,29.71361725,1.0905,6,1.37,mmm,1
CrCl3,26.17020142,1.4581,11,1.5,32,0
NbI4,41.08393207,0.4776,18,1.06,mm2,0
CuI,28.04583507,1.6308,24,0.76,3m,1
CdI2,40.59605772,2.3906,25,0.97,3m,0
MgCl2,25.03787044,5.5715,9,1.85,-3m,0
CdI2,40.08408934,2.3718,25,0.97,3m,0
NaN3,15.04908408,3.9425,6,2.11,2/m,0
FeP4,14.60091639,0.7845,11,0.36,2/m,0
CdI2,40.13539941,1.9737,25,0.97,3m,0
GaI2,45.78519936,2.3838,26,0.85,3m,0
Ga3Os,18.3529536,0.7349,17,0.39,4/mmm,0
K4Sn9,39.24672975,1.1234,13,1.14,2/m,0
LiI,33.50957568,4.3818,16,1.68,6mm,1
CsI4,52.59614162,1.7663,16,1.87,2/m,0
CsSn,50.5707608,1.1371,13,1.17,-43m,0
MnP4,14.55309576,0.5601,10,0.64,2/m,1
GaCl3,35.6446984,4.2001,18,1.35,-1,0
CdI2,41.42842088,2.464,25,0.97,3m,0
InCl,31.04569078,1.4781,18,1.38,mmm,0
CdI2,40.17446177,2.3792,25,0.97,3m,0
CdI2,40.31608548,2.3723,25,0.97,3m,0
CdI2,40.21789083,2.3709,25,0.97,3m,0
InCl,31.17154467,1.4386,18,1.38,mm2,0
CdI2,41.5336143,2.4136,25,0.97,3m,0
GeS2,29.48076268,2.2648,18,0.57,2/m,0
CsSb,49.64573946,0.5562,14,1.26,222,1
CsCl,44.02463212,4.8492,8,2.37,m-3m,0
Cs2Te,54.58821928,1.774,15,1.31,mmm,1
Cs4Pb9,48.682784,0.824,13,1.54,2/m,0
Cu2S,15.00413885,0.3475,15,0.68,2/m,1
RbN3,21.41480529,3.7512,6,2.22,4/mmm,1
Nb2O5,14.66260182,1.6747,9,1.84,2,0
CdI2,42.1141449,2.4223,25,0.97,3m,0
In2Te5,37.70859621,0.8883,25,0.32,m,0
GaF3,12.40074804,4.705,18,2.17,-3m,0
SiO2,20.36830271,5.4426,10,1.54,mmm,1
Te2Mo,28.05292363,1.0113,18,0.06,6/mmm,0
Nb2O5,12.74343433,2.4206,9,1.84,2/m,0
BN,9.682245013,4.4292,16,1,-6m2,0
CuP10,20.92951434,0.9928,14,0.29,-1,0
In3Ru,23.13525087,0.2397,17,0.42,4/mmm,0
CsI,60.67941543,3.8572,16,1.87,m-3m,1
Ga3Cl7,29.63783991,4.144,18,1.35,mm2,0
In4Te3,33.53441809,0.1772,25,0.32,mmm,0
Cu2S,14.93490765,0.1293,15,0.68,422,0
MoCl2,27.47182657,2.4478,11,1,mmm,0
GeS2,25.42325443,2.1396,18,0.57,4/mmm,1
CdI2,40.03533162,2.3586,25,0.97,3m,0
Cs5Sb8,46.93988892,0.5848,14,1.26,2/m,1
BN,9.947290454,4.0021,16,1,6/mmm,1
InS,23.53154717,0.3653,17,0.8,2/m,0
Cs3Bi,54.19730001,0.1864,14,1.23,m-3m,0
Ga3Fe,16.1553939,0.2351,17,0.02,4/mmm,0
Ga2I3,39.25434708,2.2225,26,0.85,2/m,0
Pb3O4,17.47576603,0.9922,18,1.11,mmm,0
CrF5,14.31288499,1.3585,11,2.32,mmm,0
Gd2O3,14.95227697,2.8509,14,2.24,2/m,0
H3N,7.07576883,4.4391,6,0.84,222,0
K5Te3,39.09029357,0.2952,15,1.28,4/m,0
MnO2,10.27575195,0.4138,11,1.89,2/m,0
Na2S,23.64461191,2.4399,7,1.65,m-3m,1
In2Cl3,29.94119217,2.327,18,1.38,mmm,1
SiO2,19.06381779,5.5139,10,1.54,2/m,0
In7Te10,38.2435457,0.8149,25,0.32,32,0
CdI2,40.11072659,2.3553,25,0.97,3m,0
CdI2,40.07283356,2.3723,25,0.97,3m,0
SiO2,15.09482731,5.6183,10,1.54,2/m,1
Ga3Ru,18.12328635,0.415,17,0.39,4/mmm,0
Ge3N4,12.69630218,2.0646,17,1.03,3m,0
In3Ru,23.12322232,0.2432,17,0.42,-42m,0
Er2O3,14.68004577,3.964,18,2.2,m-3,0
CdI2,40.09264174,2.3639,25,0.97,3m,0
CdI2,40.1172068,2.3471,25,0.97,3m,0
CdI2,40.10081593,2.3482,25,0.97,3m,0
CdI2,40.06137761,2.3553,25,0.97,3m,0
CdI2,40.11264002,2.3587,25,0.97,3m,0
CdI2,39.97032826,2.3594,25,0.97,3m,0
Ge4Se9,30.90594244,1.2221,26,0.54,mm2,1
Mn4Si7,11.94759053,0.8013,9,0.35,-42m,0
K4Pb9,40.14093266,0.2811,13,1.51,2/m,0
NaF,12.94680263,6.204,8,3.05,m-3m,1
BN,9.559829026,2.9757,16,1,mm2,0
InF3,16.04592699,4.0073,18,2.2,-3m,0
H2O,10.40787101,5.5175,7,1.24,mm2,0
GeSe,24.57442286,0.8946,26,0.54,mmm,0
Mo9O26,14.93142967,0.4984,10,1.28,2/m,1
Ge3Ru2,15.66330141,0.3531,18,0.19,-42m,0
SiO2,17.30220639,5.3645,10,1.54,6/mmm,1
B2O3,7.66688897,8.3239,17,1.4,mm2,0
K2Te3,38.5584971,0.5885,15,1.28,mmm,0
GeO2,14.34939579,3.2511,18,1.43,32,0
Li3P,14.70484811,0.7411,6,1.21,6/mmm,0
RbN3,20.09239688,4.1736,6,2.22,4/mmm,1
NaP,21.82912452,0.8676,6,1.26,222,0
KP,28.8596187,1.0307,6,1.37,222,1
Cs2Se3,40.79370851,0.747,15,1.76,mm2,0
GeS2,25.38499123,2.5768,18,0.57,-42m,0
GeF2,17.89930078,4.0002,19,1.97,222,0
FeSe2,16.68887056,0.3731,20,0.72,mmm,0
K2S3,28.49881126,1.2894,7,1.76,mm2,0
K2Se3,32.01107411,0.635,15,1.73,mm2,0
H3N,9.503245669,3.7337,6,0.84,23,1
GeO2,15.72564724,3.2779,18,1.43,422,1
HgO,18.24027556,1.3022,16,1.44,32,0
Cs2O2,27.61633442,1.6621,7,2.65,mmm,0
K3P,36.18612931,0.2137,6,1.37,6/mmm,0
NaSb,30.56758425,0.4159,14,1.12,2/m,0
Li3Sb,19.87625854,0.5321,14,1.07,6/mmm,0
Na3Sb,29.91077537,0.3986,14,1.12,6/mmm,1
Cs2O,38.53431037,0.5913,7,2.65,-3m,0
BN,11.29175017,4.2946,16,1,6/mmm,0
GaN,11.7357055,1.7365,16,1.23,6mm,1
NbO2,12.24506934,0.4322,9,1.84,4/m,0
K2P3,29.67812828,0.9006,6,1.37,mmm,0
KN3,17.64999294,4.1558,6,2.22,4/mmm,1
GaN,11.74023481,1.5701,16,1.23,-43m,1
CsTe,47.69634947,1.0054,15,1.31,mmm,0
TeO2,16.74769056,2.8944,20,1.34,222,0
Li2O2,8.434960212,1.9748,7,2.46,6/mmm,0
K2Se,38.89957044,2.091,15,1.73,m-3m,0
CsSi,38.39448551,1.2115,5,1.11,4/mmm,0
CsGe,40.88721767,1.0048,13,1.22,4/mmm,0
TlN3,18.77232893,1.7592,16,1.42,4/mmm,0
FeSi,11.00193516,0.1673,10,0.07,23,0
Ga2O3,10.95927632,2.0084,17,1.63,2/m,0
GaP,20.84869442,1.3002,16,0.38,6mm,1
Si2Mo,13.57071168,0.1401,8,0.26,622,0
KSe,35.92641911,0.7601,15,1.73,-6m2,0
CuP2,16.20834956,0.8231,14,0.29,2/m,0
GeTe,28.13247919,0.5645,26,0.09,3m,0
LiP,15.70523131,0.8142,6,1.21,2/m,0
InP,26.49207043,0.528,16,0.41,6mm,1
K2O,22.75631183,1.7109,7,2.62,m-3m,0
MgB7,7.926050276,1.4635,13,0.73,mmm,0
GeF4,18.12144541,5.5005,19,1.97,-43m,0
BN,10.53315043,4.4817,16,1,6/mmm,0
Si3N4,10.61777526,4.244,9,1.14,6/m,0
GaS,24.91474812,1.8648,17,0.77,-3m,0
WN2,9.718304153,1.1319,9,0.68,-6m2,0
P2S7,27.22180718,1.8951,11,0.39,-1,0
BP,11.74807297,1.1007,16,0.15,6mm,0
P2Ir,15.49893851,0.6438,12,0.01,2/m,0
PbS,27.68558475,1.2216,18,0.25,mmm,0
PdCl2,29.53901547,0.8453,15,0.96,2/m,0
PdCl2,25.54726536,0.6979,15,0.96,2/m,0
ZnS,20.25717488,2.0481,16,0.93,6mm,1
Ta2O5,12.43005743,1.232,9,1.94,2/m,0
Nd2O3,17.4727412,3.708,10,2.3,m-3,0
RbSb,44.24757736,0.6292,14,1.23,2/m,0
Tb2O3,15.50320871,3.9006,15,2.34,m-3,0
RbSi,35.83223128,1.35,5,1.08,-43m,0
HgO,18.03684559,1.2677,16,1.44,32,0
P4Ru,15.66137741,0.7481,11,0.01,2/m,0
SiO2,14.02365834,5.5318,10,1.54,622,0
SrS,27.86577551,2.5006,8,1.63,m-3m,0
P4Os,15.69448043,0.6847,11,0.01,2/m,0
SnS2,24.27557635,1.2266,18,0.62,m-3m,0
GdS2,20.72409263,0.3159,14,1.38,2/m,0
VO2,10.41888682,0.7009,9,1.81,2/m,0
Rb2S,36.40457262,1.9663,7,1.76,mmm,1
ZnP2,20.20089734,1.4656,15,0.54,422,0
ZnS2,18.00356424,1.4385,16,0.93,m-3,0
TbS2,20.42649827,0.4498,15,1.48,2/m,0
P4Os,15.86832204,1.2896,11,0.01,-1,0
V2O5,20.49030689,2.4322,9,1.81,-1,0
SrP2,24.63587649,0.8091,7,1.24,2/m,0
RbSn,43.51044857,0.7438,13,1.14,4/mmm,0
Bi2O3,16.39037124,1.4726,19,1.42,3m,1
HgS4,77.80455362,1.0475,16,0.58,mmm,1
Ac2O3,18.57647707,3.5231,7,2.34,-3m,0
Rb2Se,44.65218128,1.7968,15,1.73,m-3m,0
SiO2,11.89332013,5.5353,10,1.54,2/m,0
SnS2,27.57544293,1.5577,18,0.62,-3m,0
RbF,23.62656173,5.5258,8,3.16,m-3m,0
WO3,14.17161001,1.4667,10,1.08,mmm,0
SrS3,25.77676168,1.0704,8,1.63,mm2,1
VO2,11.98497534,1.2593,9,1.81,4/mmm,1
SrO2,16.57588004,2.7856,8,2.49,mmm,0
ReP3,15.71088149,0.2519,10,0.29,mmm,1
SiO2,20.19321816,5.4393,10,1.54,-43m,1
Ti2O3,9.233705319,0.1494,8,1.9,mmm,0
Lu2S3,20.53099808,0.7281,21,1.31,mmm,1
Y2S3,21.84638103,0.6616,7,1.36,mmm,1
Ir2S3,16.0783165,0.7015,13,0.38,mmm,0
P2S3,27.67820261,2.2141,11,0.39,2/m,0
Sb2S3,26.52657222,1.2948,19,0.53,mm2,0
TeO2,15.93377967,2.5813,20,1.34,-1,0
Bi2O3,19.70492849,1.7453,19,1.42,mmm,1
ZrO2,11.72398559,3.5755,8,2.11,mmm,0
WO3,15.67372761,1.2582,10,1.08,6/mmm,1
SiS2,23.30975607,2.8831,10,0.68,2/m,0
H3S,14.0708428,4.3478,7,0.38,1,0
EuP7,21.34787714,0.2925,12,0.99,2/m,0
Rb3P11,32.00577317,1.9328,6,1.37,mmm,0
Bi2O3,17.49894778,2.4517,19,1.42,2/m,1
Zn3P2,18.7065436,0.3739,15,0.54,m-3,1
WO3,13.91128849,1.6723,10,1.08,-1,1
B2S3,16.22008675,2.5264,17,0.54,4/m,1
P2S7,27.95157792,2.0353,11,0.39,2/m,0
RbSi,34.04760924,1.159,5,1.08,4/mmm,0
SiO2,19.58279118,5.7076,10,1.54,2/m,1
P7Pb,22.57809323,0.8858,17,0.14,2/m,0
Sb2O3,17.86368917,2.3569,19,1.39,222,0
WO3,13.91578409,1.6291,10,1.08,2/m,0
SiO2,19.99818821,5.4771,10,1.54,4/mmm,0
SF4,17.25140417,4.8812,13,1.4,222,0
Tm10S19,19.62172033,0.5289,19,1.33,4/m,1
Tb2S3,21.83084481,0.7439,15,1.48,mmm,1
Sb2O3,18.69279036,2.5179,19,1.39,2/m,0
YbO,13.38853267,3.4728,20,2.34,m-3m,0
Te2O5,15.02537993,1.6699,20,1.34,2,0
HgO,18.2583375,1.1911,16,1.44,mmm,0
Dy2S3,21.61414899,0.5938,16,1.36,mmm,1
SiO2,13.70141407,5.6222,10,1.54,2/m,0
PtO2,11.17301852,0.6039,14,1.16,mmm,0
SnO2,12.37454224,0.9604,18,1.48,mmm,0
B6O,7.389205002,1.9307,17,1.4,-3m,1
Th3P4,23.08573566,0.2621,7,0.89,-43m,0
PdS2,22.07438179,0.6041,14,0.38,mmm,0
PdF4,13.54237886,0.6853,15,1.78,mm2,0
ZnP2,20.1948248,0.7456,15,0.54,2/m,1
Rb2O,27.1051505,1.3243,7,2.62,m-3m,0
Rb2Te,47.98595523,1.7021,15,1.28,mmm,1
P2Ru,14.7498029,0.505,11,0.01,mmm,0
Lu2O3,13.91831005,4.0233,21,2.17,m-3,0
Sr3P4,26.32627772,0.9036,7,1.24,mm2,0
P4S3,33.38432994,2.8693,11,0.39,mmm,1
P4S3,33.77619059,2.8851,11,0.39,mmm,0
Tm2S3,24.47889573,2.5376,19,1.33,-3m,0
BP,11.74984538,1.2437,16,0.15,-43m,0
SiO2,19.24555124,5.6346,10,1.54,mmm,1
LaS2,23.23262824,0.6342,7,1.48,mmm,0
P2Rh,15.36497769,0.3951,12,0.09,2/m,0
SiS2,31.60349649,3.0711,10,0.68,mmm,0
Th2S5,21.37770873,1.6968,8,1.28,mmm,0
Pr2O3,17.98702321,3.6593,9,2.31,m-3,0
Rb2S5,32.11208713,1.9569,7,1.76,222,0
SiO2,17.688697,5.6779,10,1.54,mm2,0
Rh2S3,16.07027419,0.1949,13,0.3,mmm,0
SiO2,20.36984755,5.7153,10,1.54,2/m,1
Sm2O3,15.28442249,3.7497,12,2.27,2/m,0
Tm2O3,14.36853223,3.9804,19,2.19,m-3,0
SiO2,22.5285118,5.7313,10,1.54,-3m,1
SiO2,20.04925977,5.6611,10,1.54,2/m,0
TiO2,11.03489046,2.2984,8,1.9,mmm,0
Te2Ru,22.5298602,0.1147,20,0.1,m-3,0
Sr3P14,24.09853823,1.8229,7,1.24,2/m,0
HfO2,11.18684875,4.2065,8,2.14,mmm,0
LaP5,21.58156386,0.1103,6,1.09,2/m,1
WO3,14.28689332,1.332,10,1.08,4/mmm,0
V6O13,12.14629448,0.5151,9,1.81,2/m,0
SiRu,13.34563094,0.2265,10,0.3,23,0
V2O3,10.71945034,0.4888,9,1.81,-3m,1
WO3,14.00825613,1.4239,10,1.08,2/m,0
VO2,10.32361547,0.8863,9,1.81,4/mmm,0
VO,10.6962549,1.7867,9,1.81,4/mmm,0
RuSe2,18.0765272,0.3122,20,0.35,m-3,0
WO2,12.44286292,1.2476,10,1.08,mmm,0
WO3,14.40837394,1.1124,10,1.08,m-3m,0
WO3,14.45859331,1.1456,10,1.08,4/mmm,0
SrS2,24.34468252,1.2879,8,1.63,4/mmm,0
La2O3,16.60337553,3.8248,7,2.34,-3m,0
ZnO,12.41023978,0.6311,16,1.79,-43m,1
PbO,21.8771218,1.5253,18,1.11,4/mmm,0
Sb2O3,18.96691244,3.3462,19,1.39,m-3m,0
LaP7,20.51703105,0.8328,6,1.09,2/m,0
Pb2O3,16.29443934,1.0314,18,1.11,2/m,0
Si3Ru2,14.04931954,0.3774,10,0.3,-42m,1
CeO2,13.6198779,1.8671,8,2.32,m-3m,0
RuS2,15.07668818,0.6668,12,0.38,m-3,0
Gd2O3,14.47135056,2.9035,14,2.24,-3m,1
Pr2O3,16.1630824,3.7756,9,2.31,-3m,0
RhF3,12.53816504,0.8626,14,1.7,-3m,0
Zn3P2,18.90428534,0.3144,15,0.54,4/mmm,1
Rb2P3,33.1427652,0.9313,6,1.37,mmm,0
PbO,21.20352078,2.1326,18,1.11,mmm,0
Rb2Te3,42.06635623,0.6676,15,1.28,mmm,0
SnO,18.82136293,0.4093,18,1.48,4/mmm,0
TeO2,16.47298474,2.2279,20,1.34,mmm,1
PbS,27.08711452,0.4672,18,0.25,m-3m,1
ZnO,12.42967956,0.7316,16,1.79,6mm,1
Sb2O3,18.0765835,2.2239,19,1.39,mmm,1
Pb3O4,19.70783967,1.1617,18,1.11,mmm,0
RbPb,45.88945066,0.405,13,1.51,4/mmm,0
Sc2O3,12.21103818,3.8235,7,2.08,m-3,1
P2O5,12.57790343,4.8374,11,1.25,mmm,0
Sm2O3,16.63544006,3.7823,12,2.27,m-3,0
Si3Ru2,13.99690802,0.5511,10,0.3,mmm,1
Er2S3,23.36320206,1.4611,18,1.34,2/m,1
WS2,20.86995026,1.597,10,0.22,6/mmm,0
Pb3O4,19.7761819,1.1366,18,1.11,4/mmm,0
ClO3,16.3333113,1.3631,13,0.28,m,0
RbI,52.47854295,3.777,16,1.84,m-3m,1
La2O3,18.52835644,3.532,7,2.34,m-3,0
SbO2,13.54952815,1.8871,19,1.39,mm2,0
Tm2S3,22.35801403,1.1833,19,1.33,2/m,1
P2Os,14.95320342,0.7749,11,0.01,mmm,0
Bi2O3,18.67142407,1.6582,19,1.42,-42m,1
ClO2,18.30015271,0.964,13,0.28,mmm,0
PCl5,30.10006881,1.7747,12,0.97,4/m,1
PCl3,36.91482963,4.0342,12,0.97,mmm,0
I2O5,16.78592177,2.6663,21,0.78,2/m,0
Bi2O3,17.07979487,2.1773,19,1.42,2/m,0
RbCl,37.57396653,4.8393,8,2.34,m-3m,1
RbI,45.1851349,3.3455,16,1.84,m-3m,0
H2O,8.019519073,5.4552,7,1.24,-3,0
SO3,16.84789857,5.1448,12,0.86,mm2,1
PdSe2,24.64646548,0.461,22,0.35,mmm,0
P4Se5,30.87471468,1.8262,19,0.36,mm2,0
P2O5,13.42520664,5.2023,11,1.25,mm2,1
Tb2O3,14.28371411,3.9462,15,2.34,2/m,0
SrO,17.63845511,3.2874,8,2.49,m-3m,0
RbH,27.50258658,2.9687,2,1.38,m-3m,0
V2O5,14.32367412,2.166,9,1.81,mmm,0
V2O5,13.59433606,2.3296,9,1.81,mmm,0
TeO3,12.15800998,1.1505,20,1.34,-3m,0
ZrO2,11.76055316,3.8856,8,2.11,4/mmm,0
P4S7,30.99157743,2.7501,11,0.39,2/m,0
TiO2,10.71532922,1.781,8,1.9,4/mmm,1
Te2Ru,23.46183995,0.2953,20,0.1,mmm,0
SrO2,14.5147643,2.8589,8,2.49,4/mmm,0
P4Ru,15.7871635,1.0921,11,0.01,-1,0
Au2O3,14.10330905,0.8126,15,0.9,mm2,0
ReP4,15.93083292,0.7567,10,0.29,mmm,0
Se2O5,17.28588823,2.8874,20,0.89,2/m,1
TeO2,15.68987186,2.8141,20,1.34,422,0
TlP5,24.46502035,1.1945,16,0.57,mm2,0
V4O9,12.38334399,0.407,9,1.81,mmm,0
S8O,29.39026889,2.4236,12,0.86,mm2,1
Tl2O,24.97685788,0.5714,17,1.82,-3m,1
Tc2O7,18.2600416,2.6664,11,1.54,mmm,1
SeO3,17.68176296,2.4312,20,0.89,-42m,1
PI3,50.86906169,2.2779,20,0.47,6,0
Tl4S3,31.04048176,0.8601,17,0.96,2/m,0
Nd2O3,15.72035206,3.8405,10,2.3,-3m,0
Tl4O3,21.59352042,0.9696,17,1.82,2/m,0
SO2,25.32153198,2.8436,12,0.86,mm2,0
Re2P5,15.87877129,0.4832,10,0.29,-1,1
PdI2,36.54055052,0.9081,23,0.46,2/m,0
RhCl3,24.89309033,1.5202,14,0.88,2/m,0
ZnP2,20.19939967,1.466,15,0.54,422,0
SiP,23.61662657,1.7447,9,0.29,mm2,0
TcP4,15.87885588,0.8461,10,0.29,mmm,1
TcP3,15.5613221,0.3853,10,0.29,mmm,0
LaP2,23.06753574,0.558,6,1.09,m,0
Sb2S3,26.37121617,1.2824,19,0.53,mmm,0
P2Pd,17.15896009,0.3453,13,0.01,2/m,0
RbI3,48.73175142,1.8574,16,1.84,mmm,0
IrS2,17.15337889,0.5211,13,0.38,mmm,0
B6P,8.781808669,2.5139,16,0.15,-3m,0
P3Ru,15.48271198,1.0025,11,0.01,-1,0
ZrO2,12.2592001,3.4737,8,2.11,2/m,0
PtS,19.11749782,0.3669,14,0.3,4/mmm,1
P2Se5,32.18075837,1.3289,19,0.36,2/m,0
PSe,33.00577792,2.2456,19,0.36,2/m,0
P2S3,30.13670978,2.4837,11,0.39,2/m,0
Th2P11,19.44054162,0.3234,7,0.89,2/m,1
PI2,47.3035049,1.8951,20,0.47,-1,0
PdCl2,28.79880198,1.3814,15,0.96,-3,0
Cl2O,25.62762358,1.0552,13,0.28,4/mmm,0
RbAu,37.09776625,0.5692,10,1.72,m-3m,0
V6O11,10.68363957,0.7171,9,1.81,-1,0
Tl2S5,29.23362912,1.6707,17,0.96,222,0
B2O3,9.864805829,6.3063,17,1.4,32,0
Rb2Te5,41.02924775,0.2571,15,1.28,2/m,0
NdO2,14.81273072,3.4051,10,2.3,2/m,0
Cl2O7,16.59393559,3.6544,13,0.28,2/m,0
RbBi,47.3973386,0.3793,14,1.2,2/m,0
WO3,15.75818497,1.5008,10,1.08,6mm,1
SiO2,25.73002451,5.787,10,1.54,m-3m,1
HfO2,11.68851216,4.0165,8,2.14,2/m,0
UO3,18.06015704,1.619,10,2.06,m-3m,0
TiO2,11.74653126,2.0619,8,1.9,4/mmm,0
Nd2S3,23.90757745,0.7596,10,1.44,mmm,1
Rb2Te,53.1670635,1.8843,15,1.28,m-3m,0
Gd2O3,16.02038665,2.8858,14,2.24,m-3,1
V2O5,12.01954898,1.7032,9,1.81,2/m,0
RuF5,15.13242079,0.6512,13,1.78,2/m,0
VS4,24.4688255,0.9214,9,0.95,2/m,0
P4Se3,33.67366512,2.1601,19,0.36,mmm,0
Y2S3,24.10242396,1.488,7,1.36,2/m,1
VO2,12.0141178,0.5162,9,1.81,2/m,0
P2S5,30.6358841,2.5525,11,0.39,-1,0
P4O9,14.74012683,5.5685,11,1.25,-3m,0
V5O9,10.67972037,0.7822,9,1.81,-1,0
P4O7,17.54834607,4.1559,11,1.25,2/m,0
P4S9,31.03057011,2.697,11,0.39,2/m,0
Rh2O3,11.04112309,0.6208,13,1.16,-3m,0
SiO2,16.08618494,5.511,10,1.54,222,1
SnO,19.14855931,0.5355,18,1.48,mmm,0
SiO2,15.71030901,5.7034,10,1.54,-42m,1
RuO4,18.37403467,2.3828,12,1.24,2/m,0
Pm2O3,15.29579912,3.8894,11,2.31,-3m,0
PbO,23.50013165,2.2291,18,1.11,mm2,0
Tl2O,24.72676699,0.5157,17,1.82,2/m,1
OsO4,19.2348463,3.258,12,1.24,2,0
TiO2,18.59606726,3.4458,8,1.9,32,1
ZnS,20.23443871,2.031,16,0.93,3m,1
Pm2O3,16.99496226,3.7666,11,2.31,m-3,0
SiO2,19.47063462,5.6009,10,1.54,mm2,1
WO3,14.47521523,1.3406,10,1.08,mmm,0
SiO2,15.11424874,5.6604,10,1.54,mm2,0
ZnS,20.24816964,2.0181,16,0.93,3m,1
SnS,97.60351283,1.5862,18,0.62,mm2,1
SiO2,16.17115175,5.7171,10,1.54,-4,0
ZnS,20.24118028,1.9815,16,0.93,3m,1
SiO2,18.90793898,5.4439,10,1.54,4/mmm,0
SiO2,17.73753,5.6178,10,1.54,4/mmm,0
TiO2,12.22552354,2.6786,8,1.9,2/m,0
ZnS,20.23943183,2.0201,16,0.93,3m,1
SiO2,18.69610068,5.4402,10,1.54,4/mmm,0
SiO2,15.76929841,5.6155,10,1.54,mm2,1
ZnS,20.2103729,1.9339,16,0.93,3m,1
ZnS,20.24291176,1.988,16,0.93,3m,1
SiO2,19.64398234,5.7065,10,1.54,-4,0
ZnS,20.24363333,1.9888,16,0.93,3m,1
SiO2,22.6985541,5.6154,10,1.54,4/mmm,0
ZnS,20.2343911,2.0206,16,0.93,3m,1
ZnS,20.24809387,2.0067,16,0.93,3m,1
SiO2,19.46605256,5.7187,10,1.54,mm2,1
ZnS,20.23932545,1.9651,16,0.93,3m,1
ZnS,20.24617201,2.03,16,0.93,3m,1
ZnS,20.23702941,2.02,16,0.93,3m,1
ZnS,20.23958244,2.0245,16,0.93,3m,1
Pr2O3,16.45764513,3.5619,9,2.31,2/m,0
SiO2,13.88994654,5.6905,10,1.54,4/mmm,0
SiO2,16.02125413,5.5034,10,1.54,m,1
SiO2,17.99328289,5.6355,10,1.54,mm2,0
ZnS,20.26110566,2.0318,16,0.93,3m,1
ZnS,20.24029235,1.9317,16,0.93,3m,1
SiO2,14.02634796,4.707,10,1.54,mmm,1
SnO2,12.51927056,0.8384,18,1.48,mmm,1
SiO2,19.57504738,5.5742,10,1.54,4/mmm,0
SiO2,17.32790228,5.6138,10,1.54,4/mmm,0
Dy2O3,14.02351601,4.003,16,2.22,2/m,0
ZnS,20.23848232,2.0042,16,0.93,3m,1
ZnS,20.2167703,2.0252,16,0.93,3m,1
V4O7,10.68640841,0.5487,9,1.81,-1,0
ZnS,20.24694157,2.0207,16,0.93,3m,1
ZnS,20.21782071,1.8581,16,0.93,3m,1
SiO2,18.39965599,5.484,10,1.54,4/mmm,1
ZnS,20.25618834,2.023,16,0.93,3m,1
ZnS,20.25717869,2.0195,16,0.93,3m,1
SiO2,30.06200248,5.7384,10,1.54,m-3m,0
SiO2,16.68980315,5.3872,10,1.54,2,0
ZnS,20.23754308,2.0174,16,0.93,3m,1
ZnS,20.25263307,2.0073,16,0.93,3m,1
ZnS,20.25666957,2.0244,16,0.93,3m,1
SiO2,18.01112553,5.6115,10,1.54,mm2,1
SiO2,20.10481799,5.72,10,1.54,-1,0
ZnS,20.2534968,2.0003,16,0.93,3m,1
SiO2,18.6796409,5.5652,10,1.54,222,1
SiO2,19.75852264,5.6962,10,1.54,-1,0
Tl2S,32.51569474,0.7668,17,0.96,3,0
ZnS,20.23655563,1.962,16,0.93,3m,1
Bi2O3,19.26709909,2.2745,19,1.42,mmm,1
Pm2O3,15.576813,3.707,11,2.31,2/m,0
SiO2,20.3324132,5.6951,10,1.54,mmm,0
ZrO2,11.80293433,3.6907,8,2.11,mm2,0
SiO2,16.88891806,5.6055,10,1.54,2/m,1
ZnS,20.23745525,1.9927,16,0.93,3m,1
HgO,18.20523241,1.199,16,1.44,2/m,0
SiO2,13.22913666,5.6423,10,1.54,2/m,0
ZnS,20.24126412,2.0323,16,0.93,3m,1
SiO2,17.17664229,5.6105,10,1.54,1,0
ZnS,20.2561896,2.0305,16,0.93,3m,1
Nd2O3,16.02528401,3.6443,10,2.3,2/m,0
TeO2,15.67452149,2.8135,20,1.34,422,0
ZnS,20.23984748,1.6302,16,0.93,3m,1
ZnS,20.25732527,2.0239,16,0.93,3m,1
H2O,7.454270714,5.4777,7,1.24,2,0
SiO2,14.32099303,5.4995,10,1.54,222,1
ZnS,20.25630703,2.0281,16,0.93,3m,1
SiO2,20.62599672,5.5536,10,1.54,6/mmm,1
SiO2,16.49235295,5.4327,10,1.54,mm2,0
ZnS,20.25826466,2.0245,16,0.93,3m,1
ZnS,20.25484469,2.0266,16,0.93,3m,1
ZnS,20.25655449,2.0087,16,0.93,3m,1
SiO2,13.89553798,5.522,10,1.54,mmm,1
SiO2,14.95856186,5.6457,10,1.54,2/m,1
SiO2,14.75848205,5.6497,10,1.54,-42m,0
SiO2,17.67846913,5.5246,10,1.54,mmm,0
BiO2,14.90988905,1.0245,19,1.42,2/m,0
SiO2,18.79926349,5.671,10,1.54,mmm,1
RbS,38.43684814,1.7029,7,1.76,mmm,0
SiO2,19.55944922,5.6221,10,1.54,-3,0
H2O,7.446935289,5.5568,7,1.24,222,0
La10S19,23.62644254,0.7226,7,1.48,4/m,1
SiO2,19.00324914,5.587,10,1.54,mmm,0
Ho2O3,13.78227899,4.0609,17,2.21,2/m,0
SiO2,19.34992139,5.5128,10,1.54,2/m,0
SiO2,16.24335536,5.5665,10,1.54,m-3,0
Y2O3,14.15544097,3.9604,7,2.22,2/m,0
H2O,7.475596133,5.4556,7,1.24,222,0
SiO2,16.26228786,5.4411,10,1.54,622,0
WO3,14.46292164,1.2543,10,1.08,-42m,0
SiO2,17.75723813,5.3664,10,1.54,mmm,1
SiO2,13.93468493,5.6333,10,1.54,4/mmm,0
SiO2,19.86557639,5.6637,10,1.54,2/m,0
V9O17,10.58016993,0.4532,9,1.81,-1,0
SeO2,16.34620939,3.4283,20,0.89,mm2,0
SiO2,18.23701343,5.5993,10,1.54,-3,0
SnS,24.73766267,0.4176,18,0.62,mmm,0
SiO2,25.22230443,5.7101,10,1.54,6/mmm,1
SiO2,21.44911972,5.4895,10,1.54,6/mmm,1
SiO2,22.26723749,5.7315,10,1.54,2/m,0
SbO2,13.61340952,1.905,19,1.39,mmm,0
SiO2,19.47429776,5.6417,10,1.54,2/m,0
SiO2,12.67421146,5.4814,10,1.54,mmm,1
SiO2,18.98560137,5.3907,10,1.54,mmm,1
ZnS,20.25561347,2.0728,16,0.93,6mm,1
SiO2,18.78410667,5.632,10,1.54,2/m,0
Nd10S19,22.4982561,0.5022,10,1.44,4/m,1
SiO2,18.36482922,5.4481,10,1.54,mmm,0
SiO2,18.52105094,5.4244,10,1.54,mmm,0
SeO2,16.08503268,3.4204,20,0.89,mm2,0
SiO2,20.36763774,5.6108,10,1.54,mmm,1
SiO2,21.33457442,5.7712,10,1.54,mmm,0
SiO2,18.83862629,5.4387,10,1.54,mmm,1
SiO2,19.26786006,5.5774,10,1.54,mmm,0
TlS,30.19649145,0.8102,17,0.96,422,1
SiO2,19.65369059,5.5506,10,1.54,m-3m,1
SiO2,22.03654102,5.6131,10,1.54,mm2,0
ZnS,20.23183199,2.027,16,0.93,6mm,1
TeO2,15.73159675,2.8091,20,1.34,222,0
SiO2,18.48647997,5.4512,10,1.54,mmm,1
SO3,15.49853725,5.1417,12,0.86,2/m,0
SiO2,18.51683177,5.6052,10,1.54,2/m,0
P2O5,16.61786639,5.5339,11,1.25,3m,0
RbSb2,42.4253571,0.2906,14,1.23,2/m,0
PdCl2,29.11019227,0.9236,15,0.96,mmm,0
PdI2,41.50844409,0.878,23,0.46,mmm,0
P4Se3,33.77981412,2.1677,19,0.36,mmm,1
PCl5,28.48710053,1.6442,12,0.97,2/m,0
Si2Ru,14.21686228,0.4821,10,0.3,mmm,0
SrP3,22.48987812,0.3689,7,1.24,2/m,1
YbP5,20.89413667,0.2022,19,1.09,2,0
PdSe,20.66253703,0.1783,22,0.35,4/mmm,0
ReS2,20.57879777,1.319,11,0.68,-1,1
P4S9,32.13329628,2.7138,11,0.39,m-3,0
ZnS,20.23766008,1.8885,16,0.93,3m,1
ZnS,20.23023542,2.0194,16,0.93,3m,1
ZnS,20.22375492,1.9845,16,0.93,3m,1
SiO2,22.28601398,5.6773,10,1.54,422,1
SiO2,22.79413424,5.4721,10,1.54,4/mmm,0
Gd2S3,22.30852503,0.5159,14,1.38,mmm,1
PS,30.80054831,2.4818,11,0.39,2/m,0
Rh2O3,10.78343417,0.5692,13,1.16,mmm,0
SiO2,18.91551341,5.4702,10,1.54,2/m,0
PtO2,13.66406425,1.4875,14,1.16,-3m,0
WO3,14.35926038,1.3694,10,1.08,2/m,0
Rb2Se5,34.73700769,0.8371,15,1.73,222,0
V3O5,10.87431439,0.9519,9,1.81,2/m,0
V3O7,12.87501123,0.996,9,1.81,2/m,0
HgS,27.73333078,1.7039,16,0.58,32,0
SeO2,16.51608596,3.1373,20,0.89,mmm,0
SiO2,15.41049983,5.5713,10,1.54,m,1
SF6,13.57780797,5.9606,13,1.4,-1,0
ThO2,14.78627972,4.4404,8,2.14,m-3m,0
SiO2,19.57145162,5.6934,10,1.54,-42m,1
Gd10S19,20.94344338,0.3423,14,1.38,4/m,1
SiO2,19.79702617,5.7038,10,1.54,2/m,1
SiO2,18.00751974,5.696,10,1.54,2/m,0
SiO2,19.84039844,5.5171,10,1.54,mmm,0
SiO2,18.75389961,5.5367,10,1.54,2/m,1
SiO2,20.49820445,5.6294,10,1.54,mmm,1
SiO2,18.27032014,5.6387,10,1.54,mmm,0
SiO2,18.75292243,5.5781,10,1.54,mmm,0
SiO2,18.50433438,5.582,10,1.54,mmm,0
SiO2,18.49373227,5.5763,10,1.54,mmm,0
Gd2S3,22.27896124,0.5683,14,1.38,mmm,0
YbS2,21.819752,1.2803,20,1.48,2/m,0
ZnS,20.23474466,2.0167,16,0.93,3m,1
ZnS,20.23985836,2.021,16,0.93,3m,1
SiO2,17.08656957,5.6051,10,1.54,2/m,0
SiO2,31.09016564,5.5951,10,1.54,6/mmm,1
Rb4Pb9,43.58629572,0.3034,13,1.51,2/m,0
GdP5,20.62117484,0.2267,13,0.99,2/m,0
P4S5,30.77491588,2.4763,11,0.39,2,0
SiO2,14.02599758,5.5311,10,1.54,622,0
SiO2,13.42440196,5.7075,10,1.54,32,0
SiO2,15.29399745,5.5482,10,1.54,422,1
H2O,8.402009817,5.469,7,1.24,422,1
H2S,20.72080907,3.5201,7,0.38,4/mmm,0
SiO2,13.37063385,5.7211,10,1.54,32,0
SiO2,15.29032988,5.5088,10,1.54,422,1
H2O,9.934388868,5.5288,7,1.24,6mm,0
WO3,15.71560016,1.4333,10,1.08,6mm,1
V2O3,10.73924981,0.5626,9,1.81,2/m,1
H2S,16.62884534,4.0299,7,0.38,4,0
SeO2,16.45787225,3.2789,20,0.89,4/mmm,0
P4S5,29.47299559,2.5186,11,0.39,2/m,0
P2Pt,15.88198218,1.0645,13,0.09,m-3,0
SiO2,15.48082529,5.5867,10,1.54,1,0
RbSb,45.05556578,0.5411,14,1.23,222,1
Rb2S3,32.15278821,1.3215,7,1.76,mm2,0
Rb2Se3,35.85408507,0.6796,15,1.73,mm2,0
La2S3,25.16833763,1.0342,7,1.48,mmm,1
V2O5,18.75136467,2.4106,9,1.81,mmm,0
TiO2,14.95494296,2.9821,8,1.9,mmm,0
PtS2,23.12776353,1.4706,14,0.3,-3m,0
SiO2,16.14866991,5.3774,10,1.54,222,1
PtO2,13.63488704,1.5202,14,1.16,6mm,0
Rb2O2,23.29381099,1.7601,7,2.62,mmm,0
SrP,28.6518914,0.5053,7,1.24,-6m2,0
Rb2S,40.13349708,1.9684,7,1.76,m-3m,0
SiO2,15.81203987,5.5887,10,1.54,23,0
Ho2O3,14.93234023,3.9498,17,2.21,m-3,0
SiO2,17.30441123,5.365,10,1.54,m-3m,0
RbTe,41.71359118,0.8245,15,1.28,mmm,0
PF5,15.24692343,7.0881,12,1.79,6/mmm,1
SnO2,12.62233031,0.6475,18,1.48,4/mmm,1
SF6,15.34928136,5.7755,13,1.4,m-3m,1
SiO2,19.85841416,5.5299,10,1.54,6/mmm,0
SF6,14.48553677,5.8901,13,1.4,-3m,1
Ho2S3,23.65955505,1.4613,17,1.35,2/m,1
Dy2S3,21.60714443,0.7389,16,1.36,mmm,0
Ho2S3,21.3397548,0.6114,17,1.35,mmm,1
RbS,35.95142252,1.5903,7,1.76,-6m2,0
RbSe,40.77831418,0.9531,15,1.73,-6m2,0
RbTe,49.1780022,0.4793,15,1.28,-6m2,0
Er2S3,22.68294083,1.1634,18,1.34,2/m,1
Tb2S3,21.90828708,0.5791,15,1.48,mmm,1
TcS2,21.12137574,1.1449,11,0.68,-1,0
SiO2,15.51610611,5.5893,10,1.54,2,0
Tm2S3,20.79384802,0.6554,19,1.33,mmm,1
RuF4,13.52759946,0.5231,13,1.78,2/m,0
SF6,14.47929715,5.8786,13,1.4,2/m,0
WS2,20.93251605,1.6176,10,0.22,3m,0
DyP5,20.37794396,0.1203,15,0.97,2/m,0
HoP5,20.23159209,0.1321,16,0.96,2/m,0
TmP5,19.94176921,0.1508,18,0.94,2/m,0
LuP5,19.71509249,0.4183,20,0.92,2/m,0
YP5,20.45834033,0.1637,6,0.97,2/m,0
HfS2,25.23102772,1.2374,8,1.28,-3m,0
HfS3,22.39491735,1.1188,8,1.28,2/m,0
ZnS,20.25308429,2.0368,16,0.93,6mm,1
SnS2,26.3482089,1.4995,18,0.62,6mm,0
SiP2,23.61081807,1.4224,9,0.29,mmm,1
VI2,34.87439,1.0135,18,1.03,-3m,1
HgSe,29.82247944,1.0322,24,0.55,32,0
Te2W,27.54323032,1.0004,18,0.26,6/mmm,0
ThTe3,37.29267061,0.6282,16,0.8,2/m,0
Sm10S19,21.70156158,0.4965,12,1.41,4/m,0
PbS,27.18248414,0.5556,18,0.25,3m,1
ScF3,16.84969256,6.104,8,2.62,m-3m,0
ZnS,20.23783565,2.0186,16,0.93,-43m,1
ErSe2,25.43055391,0.2918,26,1.31,mmm,0
SiI3,52.92023633,2.9571,19,0.76,-3,1
ScF3,16.74790145,6.1017,8,2.62,-3m,1
PbS,27.57009284,1.5002,18,0.25,mmm,0
ThSe3,30.88441768,1.4997,16,1.25,2/m,0
Tl2Se3,29.49552417,0.8411,25,0.93,2/m,0
PbS,27.78962231,0.7497,18,0.25,mmm,0
SiS2,25.90110173,3.3912,10,0.68,2/m,0
BiSe2,29.27426004,0.8156,27,0.53,2/m,0
ErS2,19.72489074,0.4964,18,1.34,2/m,0
VCl5,28.36766687,1.0463,10,1.53,-1,0
SrF2,15.29971402,6.9849,9,3.03,mmm,1
LaS2,23.27462016,0.7074,7,1.48,2/m,0
ZrF4,12.57592185,5.3439,9,2.65,2/m,0
Tb2Te3,35.90873246,0.5508,23,1,mmm,0
Y2Se3,29.50050092,1.3523,15,1.33,mmm,1
Gd2Te3,31.24425071,0.108,22,0.9,mmm,1
Sr2Si,33.5603326,0.3467,6,0.95,mmm,1
Er2S3,21.13434956,0.6261,18,1.34,mmm,1
PtSe2,24.98210849,0.628,22,0.27,-3m,0
ThS2,22.55632072,1.0319,8,1.28,mmm,1
YH3,9.609786975,0.3399,2,0.98,6mm,1
SrH2,14.00987187,1.5194,3,1.25,mmm,0
ZrS2,25.99886983,1.0477,8,1.25,-3m,0
Tm2Te3,34.25608672,0.5752,27,0.85,mmm,1
Gd2Se3,25.53224838,0.4513,22,1.35,mmm,1
SiH8,10.90390682,7.0494,5,0.3,mm2,0
Dy2Te3,35.41293358,0.5471,24,0.88,mmm,1
Lu2Se3,27.55839275,1.3584,29,1.28,mmm,1
Ho2Te3,34.76433347,0.5259,25,0.87,mmm,1
Tm2Se3,28.20415186,1.3723,27,1.3,mmm,1
Lu2Te3,33.493012,0.5803,29,0.83,mmm,1
Y2Te3,35.44485464,0.5576,15,0.88,mmm,1
ZnSe,23.66882631,1.1693,24,0.9,-43m,1
Bi8Se9,31.20028745,0.2393,27,0.53,-3m,1
TcCl3,27.51876105,0.681,12,1.26,-3m,0
H2S,15.42477239,4.1915,7,0.38,mmm,1
YF3,11.92097178,7.4377,8,2.76,-3m,1
SiH2,17.96089727,4.0152,5,0.3,2/m,1
Tm2S3,23.07292496,1.4563,19,1.33,2/m,1
Lu2S3,24.18931757,2.4319,21,1.31,6mm,0
ZrF4,12.8371849,4.6213,9,2.65,2/m,0
Sc57Pt13,21.78373033,0.1028,9,0.92,m-3,1
Sm13Zn58,17.90564781,0.1531,16,0.48,6/mmm,1
TcF4,16.1595905,1.3038,12,2.08,mmm,0
Si7Tc4,13.75615273,1.065,9,0,-42m,0
Tc2Te5,29.96261185,0.526,19,0.2,mmm,0
PtS,17.58979123,0.1602,14,0.3,4/m,0
Sc2Se3,24.51250592,0.6528,15,1.19,mmm,1
Sb2Ir,22.82048043,0.453,20,0.15,2/m,0
NdS2,22.17190441,0.3371,10,1.44,2/m,0
Sm2S3,23.03486891,0.7441,12,1.41,mmm,1
Sn3F8,17.15016434,3.1504,19,2.02,2/m,0
Pr10Se19,26.16694356,0.3102,17,1.42,4/m,0
Nd10Se19,25.66436596,0.2844,18,1.41,4/m,0
Sm2Se3,26.2122064,0.3125,20,1.38,mmm,1
Sn2S3,25.43163909,0.7763,18,0.62,mmm,0
Pr2S3,24.44608863,0.7775,9,1.45,mmm,1
Tb2Se3,25.02858274,0.3404,23,1.45,mmm,1
HfSe3,25.88982691,0.3453,16,1.25,2/m,0
Si3Os2,14.26385508,0.8553,10,0.3,mmm,1
Si3Os2,14.28041588,0.7244,10,0.3,-42m,0
ZrSe3,26.16354093,0.4382,16,1.22,2/m,0
Sr2Sb3,33.91153317,0.1281,15,1.1,2/m,0
Si2Os,14.37987672,0.6658,10,0.3,mmm,0
PrS2,22.62699459,0.3347,9,1.45,mmm,0
Sr5Sb3,37.65606239,0.1158,15,1.1,mmm,0
YbTe,32.16577545,1.4688,28,1,m-3m,0
SiF4,17.49546968,7.7173,11,2.08,-43m,0
YbS,22.71082027,2.2234,20,1.48,m-3m,0
WSe2,24.07609824,1.4919,18,0.19,6/mmm,0
TlSe,30.4940048,0.2497,25,0.93,4/mmm,0
Tm2S3,24.682521,2.2738,19,1.33,m-3,1
ZnF2,12.24340784,3.48,17,2.33,4/mmm,1
TeF6,17.28423391,4.3688,21,1.88,mmm,1
SbF3,17.5270352,4.4381,20,1.93,mm2,0
SrTe,38.00334326,1.7736,16,1.15,m-3m,0
TePb,35.37919596,0.8674,26,0.23,m-3m,1
ZrSe2,27.94292368,0.3357,16,1.22,-3m,0
Si5Ir3,15.10257695,0.9339,11,0.3,2/m,0
Er2Se3,28.53888802,0.851,26,1.31,mmm,1
Sb2Se3,29.86705672,0.7672,27,0.5,mmm,0
SnSe,27.70143742,0.3197,26,0.59,mmm,0
ZnTe,29.57280169,1.029,24,0.45,-43m,1
PbSe,30.12685525,0.4728,26,0.22,m-3m,1
SnS,25.54703242,0.9478,18,0.62,mmm,0
Bi2S3,26.35830001,1.3813,19,0.56,mmm,0
ZrCl3,32.01264243,0.1588,9,1.83,6/mmm,0
SbCl3,36.02420408,3.7419,20,1.11,mmm,0
VCl2,23.4742519,1.2311,10,1.53,-3m,0
ZnCl2,28.20264247,4.04,17,1.51,mm2,1
ZnCl2,27.38431017,4.0499,17,1.51,-42m,1
ZrCl2,23.27325239,0.8614,9,1.83,3m,0
Bi2Se3,30.30484364,0.9706,27,0.53,mmm,1
SbCl5,39.05834176,1.8233,20,1.11,6/mmm,1
SrI2,43.42391015,3.8416,17,1.71,mmm,0
SnI4,59.58361815,2.0284,27,0.7,m-3,1
SrCl2,29.16576363,5.2286,9,2.21,m-3m,0
TiI3,40.81039227,0.1682,17,1.12,mmm,0
TeI,44.54099454,0.7943,29,0.56,-1,0
SbI3,48.58679942,2.1496,28,0.61,-3,0
ScCl3,29.40055064,3.8701,8,1.8,-3,0
SrH2,14.95415925,3.1308,3,1.25,mmm,0
SiH4,14.46509517,6.5621,5,0.3,2/m,1
SrH2,14.02641233,1.3337,3,1.25,6/mmm,0
Th2Se5,24.75614258,0.69,16,1.25,mmm,0
YF3,12.67627333,7.5338,8,2.76,mmm,0
SiOs,13.77309525,0.5177,10,0.3,23,0
SnSe,27.89228266,0.1142,26,0.59,m-3m,1
Sb2Os,22.05855294,0.3801,19,0.15,mmm,0
SnF4,14.46927183,3.1001,19,2.02,4/mmm,0
ZnI2,43.65769678,2.9076,25,1.01,4/mmm,1
Si3Cl8,34.75512741,4.7516,11,1.26,-43m,0
SnI2,41.49167718,1.7219,27,0.7,2/m,0
VF5,15.52510863,2.992,10,2.35,mmm,0
YCl3,35.25142128,4.9362,8,1.94,2/m,0
SrSe,31.31321246,2.231,16,1.6,m-3m,0
Te3Cl2,34.53304015,1.3332,21,1.06,2/m,0
Te2I,41.83188242,0.6558,29,0.56,mmm,1
Y2Cl3,27.49153785,0.7778,8,1.94,2/m,0
TcCl4,31.37979501,0.7829,12,1.26,mmm,0
AuSe,27.85865022,0.2674,23,0.01,2/m,0
Sb2F7,16.60898031,3.8096,20,1.93,2/m,0
SCl,35.24606659,2.8901,13,0.58,mm2,0
Sb4F15,16.50377313,3.6879,20,1.93,mm2,0
V2Se9,27.92871438,0.7208,17,0.92,2/m,0
Lu2S3,23.9011391,2.5673,21,1.31,-3m,0
Sb11F43,16.46716908,3.5093,20,1.93,2/m,0
SiCl4,36.44076184,5.5541,11,1.26,2/m,0
SnF2,19.33475774,3.2925,19,2.02,2/m,1
YbSe,25.87967578,1.9741,28,1.45,m-3m,0
TiF4,15.18556638,4.166,9,2.44,mmm,0
SiI3,51.98154981,2.8504,19,0.76,mmm,1
SeF4,17.23247691,4.1353,21,1.43,222,0
SnCl2,29.41019395,3.0512,19,1.2,2/m,0
Sb7F29,16.61106593,3.595,20,1.93,2/m,0
Tl2Te3,35.11269671,0.6319,25,0.48,2/m,0
SiH,18.91488561,2.1427,5,0.3,-3m,0
Sm10Se19,24.86878891,0.2589,20,1.38,4/m,0
SnCl4,41.53737907,3.551,19,1.2,2/m,0
TiCl4,40.47298533,3.4577,9,1.62,2/m,0
Si19Te8,21.77828875,0.8866,18,0.2,3m,0
Bi2Te3,35.60656733,0.5268,27,0.08,-3m,1
ZnSe,23.70110833,1.2004,24,0.9,6mm,1
Sc2S3,21.51851401,0.7843,7,1.22,mmm,0
SeCl,37.02300601,2.1674,21,0.61,2/m,0
BS2,26.65194094,2.5545,17,0.54,2/m,0
SeCl4,32.04528287,3.0391,21,0.61,2/m,0
TiI4,42.245569,1.0878,17,1.12,2/m,0
SiI2,49.30203444,2.2811,19,0.76,2/m,1
ZrI4,103.6179785,2.0534,17,1.33,-1,0
ReSe2,22.73528327,1.1315,19,0.65,-1,0
Bi2Se3,30.8213602,0.5434,27,0.53,-3m,1
ZnS,20.24596805,2.0265,16,0.93,3m,1
ZnS,20.25115815,2.0147,16,0.93,3m,1
ZnS,20.23799529,2.0175,16,0.93,3m,1
VF4,14.27700434,2.2417,10,2.35,2/m,0
ZnS,20.21261167,2.0385,16,0.93,3m,1
ZnS,20.24968019,2.0097,16,0.93,3m,1
PrS2,22.65306623,0.3681,9,1.45,2/m,0
ZnS,20.19155073,1.5973,16,0.93,3m,1
ZnS,20.24727773,2.025,16,0.93,3m,1
ZnS,20.24515797,2.0165,16,0.93,3m,1
ZnS,20.25256298,1.9961,16,0.93,3m,1
ZnS,20.2546963,2.0467,16,0.93,3m,1
ZnS,20.25558112,2.0251,16,0.93,3m,1
ZnS,20.23382103,2.0379,16,0.93,3m,1
ZnS,20.25243863,2.0157,16,0.93,3m,1
ZnS,20.25552259,2.029,16,0.93,3m,1
ZnS,20.23449361,2.0362,16,0.93,3m,1
ZnS,20.25659048,1.9438,16,0.93,3m,1
SbF4,16.64584831,3.4408,20,1.93,2/m,0
ZnS,20.24034847,1.1961,16,0.93,3m,1
ZnS,20.25242605,2.0181,16,0.93,3m,1
ZnS,20.24021673,2.0399,16,0.93,3m,1
ZnS,20.2395661,2.0418,16,0.93,3m,1
ZnS,20.25731319,2.0314,16,0.93,3m,1
ZnS,20.25630052,2.0109,16,0.93,3m,1
ScF3,16.83902658,6.0487,8,2.62,32,0
VF3,13.85767413,1.5498,10,2.35,-3m,1
ZnS,20.25459684,2.0215,16,0.93,6mm,1
ZnS,20.24518982,2.0338,16,0.93,6mm,1
ZnS,20.25230686,2.0288,16,0.93,6mm,1
ZnS,20.24907854,2.0218,16,0.93,6mm,1
Pr10S19,22.98809531,0.5107,9,1.45,4/m,1
ZrF4,12.69799262,4.8934,9,2.65,4/m,1
TeF4,17.05750535,4.0193,21,1.88,222,0
TeI4,49.93465121,1.8301,29,0.56,mm2,0
ZnCl2,27.45336604,3.8763,17,1.51,4/mmm,1
TeI4,48.97005694,1.7864,29,0.56,4/mmm,0
SiSe2,35.64316054,2.1632,18,0.65,mmm,0
SrI2,44.54187952,3.8014,17,1.71,mmm,1
SiB3,10.25453227,1.4083,15,0.14,mmm,0
SnCl2,29.35471476,3.0724,19,1.2,mmm,0
ZrCl4,31.49689165,3.6106,9,1.83,2/m,0
SbI3,48.50951422,2.1951,28,0.61,2/m,0
TeCl4,35.70795038,3.1084,21,1.06,2/m,0
TeI,42.92846404,0.7224,29,0.56,2/m,0
ZrI2,35.66150771,0.2939,17,1.33,mm2,0
LaSe2,26.38145309,0.2785,15,1.45,2/m,0
Zn13Sb10,24.18803845,0.4715,23,0.4,-1,0
SbCl5,34.6935386,1.7221,20,1.11,2/m,1
TeI4,49.00250483,1.7639,29,0.56,mmm,1
ZnTe,29.54273859,1.069,24,0.45,3,1
ZrI4,47.73271119,2.0148,17,1.33,2/m,0
ZrI2,35.43117343,0.2751,17,1.33,2/m,0
SnI4,59.78779173,1.5624,27,0.7,-43m,0
YI3,48.59633614,3.0409,16,1.44,-3,0
Pr13Zn58,18.59495231,0.1563,13,0.52,6/mmm,1
ZnCl2,27.94305074,4.0185,17,1.51,2/m,1
B2S3,23.65929258,2.4329,17,0.54,2/m,0
Tl2Te,35.76516413,0.6483,25,0.48,2/m,1
Re2Te5,31.16868536,0.6053,19,0.2,mmm,1
ZrTe5,37.06522715,0.1192,16,0.77,mmm,0
SiI4,55.19489871,2.8561,19,0.76,m-3,1
ZnS,20.260609,1.9999,16,0.93,3m,1
TeI4,47.62526262,1.708,29,0.56,2/m,0
SnSe2,29.90300434,0.703,26,0.59,-3m,0
SeCl4,30.39241465,2.855,21,0.61,-43m,1
Tl2Te3,36.92263308,0.4849,25,0.48,m,0
SnSe,28.13143687,0.5616,26,0.59,mmm,0
H2S,15.86123539,4.329,7,0.38,mmm,0
Dy2Se3,24.73675226,0.3633,24,1.33,mmm,1
SnF2,19.30653232,3.2629,19,2.02,222,0
SnF2,19.35736583,3.2522,19,2.02,422,0
ZnF2,12.04411001,3.5618,17,2.33,mmm,0
ThSe2,25.84200573,0.6305,16,1.25,mmm,1
SnF3,21.30234587,2.7786,19,2.02,m-3m,0
SnS,48.67760045,1.4747,18,0.62,mm2,1
La10Se19,26.82154008,0.5697,15,1.45,4/m,0
ZnTe,29.62200708,1.1007,24,0.45,6mm,1
SnSe,56.4230313,0.8549,26,0.59,4/mmm,1
HgS,27.61428844,1.6835,16,0.58,32,0
Au2S,25.48056354,1.9021,15,0.04,m-3m,1
BiS2,25.10266587,1.0487,19,0.56,2/m,0
SiH8,13.15639984,6.9799,5,0.3,-42m,0
Sr2Sn,38.62735452,0.1558,14,1.01,mmm,1
SrF2,16.81985605,6.7528,9,3.03,m-3m,0
Ho2Se3,28.92932559,0.8479,25,1.32,mmm,1
HfSe2,28.48053442,0.5594,16,1.25,-3m,0
TiS3,20.33561976,0.2318,8,1.04,2/m,0
ZrS3,23.03685644,1.0991,8,1.25,2/m,0
